country_id,date,population
2050,1950-01-01,7480461
5181,1950-01-01,1252582
4586,1950-01-01,9019866
9350,1950-01-01,19032
9230,1950-01-01,6005
9448,1950-01-01,4478184
5604,1950-01-01,5017
8745,1950-01-01,45435
5231,1950-01-01,17017742
1972,1950-01-01,1385041
8217,1950-01-01,38797
7859,1950-01-01,8177167
5484,1950-01-01,6936440
2557,1950-01-01,3158966
3976,1950-01-01,81644
5160,1950-01-01,117149
3421,1950-01-01,39728535
8963,1950-01-01,210548
4288,1950-01-01,7906860
2934,1950-01-01,8617344
1945,1950-01-01,69116
5854,1950-01-01,2264452
5017,1950-01-01,37142
5833,1950-01-01,176367
8863,1950-01-01,3089843
2086,1950-01-01,2692907
6025,1950-01-01,413481
5643,1950-01-01,37189369
8750,1950-01-01,7358
1038,1950-01-01,48269
4114,1950-01-01,7157632
3270,1950-01-01,4213757
5785,1950-01-01,2254113
1475,1950-01-01,4380380
2910,1950-01-01,4315816
4227,1950-01-01,13743069
5564,1950-01-01,184999
1710,1950-01-01,6912
1420,1950-01-01,1436591
9053,1950-01-01,2512688
8151,1950-01-01,6623645
4783,1950-01-01,543979233
8433,1950-01-01,11769748
2225,1950-01-01,161814
1998,1950-01-01,14683
5481,1950-01-01,948487
9225,1950-01-01,3864691
5830,1950-01-01,5926645
5520,1950-01-01,493956
9936,1950-01-01,4267694
8382,1950-01-01,62334
1484,1950-01-01,50188
4632,1950-01-01,2381740
8990,1950-01-01,3518733
5730,1950-01-01,21150058
8331,1950-01-01,2182409
5493,1950-01-01,226381
1933,1950-01-01,822576
4556,1950-01-01,1102078
2855,1950-01-01,271642
1077,1950-01-01,17709951
1812,1950-01-01,2191
8902,1950-01-01,31655
2666,1950-01-01,308308
8325,1950-01-01,4008289
2491,1950-01-01,41842355
6137,1950-01-01,23398
1540,1950-01-01,64535
9323,1950-01-01,472905
1968,1950-01-01,306781
6192,1950-01-01,3517264
2447,1950-01-01,70964095
1680,1950-01-01,5077596
5059,1950-01-01,21402
7791,1950-01-01,7669099
9550,1950-01-01,23119
1866,1950-01-01,77020
1376,1950-01-01,215261
8106,1950-01-01,60991
8657,1950-01-01,3099869
9599,1950-01-01,2983557
5294,1950-01-01,543413
2843,1950-01-01,417719
6415,1950-01-01,3247231
1086,1950-01-01,1557932
7703,1950-01-01,1980524
9064,1950-01-01,9337714
7843,1950-01-01,142650
7159,1950-01-01,357021100
3993,1950-01-01,69567619
7987,1950-01-01,16832834
3959,1950-01-01,5656471
7100,1950-01-01,2906599
3808,1950-01-01,54813
9089,1950-01-01,1284157
5288,1950-01-01,46391938
6674,1950-01-01,1407470
6552,1950-01-01,84353049
4363,1950-01-01,438386
4450,1950-01-01,6655675
3754,1950-01-01,5774050
5939,1950-01-01,37846
5927,1950-01-01,153738
8847,1950-01-01,1751225
1313,1950-01-01,1684674
3111,1950-01-01,1922525
1899,1950-01-01,1349588
1612,1950-01-01,579470
9882,1950-01-01,915894
9669,1950-01-01,1130677
3125,1950-01-01,13765
9898,1950-01-01,2564798
7830,1950-01-01,296584
3497,1950-01-01,3953896
3592,1950-01-01,2949739
6262,1950-01-01,5972876
2701,1950-01-01,74484
4228,1950-01-01,4694916
3964,1950-01-01,291873
8099,1950-01-01,13066
6596,1950-01-01,231994
2777,1950-01-01,658555
2792,1950-01-01,525443
6400,1950-01-01,20544
9800,1950-01-01,27600133
8489,1950-01-01,161656
1367,1950-01-01,2370311
2641,1950-01-01,19729
9877,1950-01-01,781260
1357,1950-01-01,402260
6446,1950-01-01,12989
3324,1950-01-01,8946209
9850,1950-01-01,5920215
7797,1950-01-01,17731818
2703,1950-01-01,514774
9288,1950-01-01,3354
3315,1950-01-01,8398945
7531,1950-01-01,10093554
5635,1950-01-01,63860
1811,1950-01-01,1911608
6130,1950-01-01,1330442
1507,1950-01-01,2569191
4777,1950-01-01,37189369
7875,1950-01-01,4485
4718,1950-01-01,11103379
6127,1950-01-01,1251433
1019,1950-01-01,7063
4283,1950-01-01,3281416
2939,1950-01-01,457317
5946,1950-01-01,37696264
7978,1950-01-01,7430
2232,1950-01-01,861079
6499,1950-01-01,1542854
8530,1950-01-01,1504810
2693,1950-01-01,7678967
1477,1950-01-01,18469878
7322,1950-01-01,24786236
4885,1950-01-01,8416952
7373,1950-01-01,2229742
3352,1950-01-01,24288
6771,1950-01-01,16392971
6070,1950-01-01,102580107
7426,1950-01-01,2154218
9065,1950-01-01,2007
9260,1950-01-01,86695
7092,1950-01-01,2978
3283,1950-01-01,87951
6251,1950-01-01,12963
7391,1950-01-01,3089693
5951,1950-01-01,2496065
1245,1950-01-01,6017683
3813,1950-01-01,38106
2946,1950-01-01,2000790
7069,1950-01-01,1006701
9088,1950-01-01,1458
3625,1950-01-01,3465617
5516,1950-01-01,1445033
9888,1950-01-01,105209
6544,1950-01-01,2213052
6951,1950-01-01,13043844
7514,1950-01-01,20104010
1955,1950-01-01,2492077
7526,1950-01-01,28069694
7632,1950-01-01,7945977
4452,1950-01-01,6191323
9954,1950-01-01,195765
9171,1950-01-01,7014610
9995,1950-01-01,4692639
9598,1950-01-01,3543537
1623,1950-01-01,7623130
8108,1950-01-01,1526140
5605,1950-01-01,7632399
3514,1950-01-01,20411638
8258,1950-01-01,414791
3763,1950-01-01,1398525
4810,1950-01-01,1599
7376,1950-01-01,49830
4402,1950-01-01,648616
2097,1950-01-01,3606288
3095,1950-01-01,20977697
6898,1950-01-01,1214096
6928,1950-01-01,4732
3793,1950-01-01,5750637
8670,1950-01-01,37302996
3348,1950-01-01,74591
8898,1950-01-01,50055065
8163,1950-01-01,148281550
8338,1950-01-01,2234144
7220,1950-01-01,6247550
9145,1950-01-01,51568
4005,1950-01-01,5488614
6369,1950-01-01,25109200
7483,1950-01-01,12982
7872,1950-01-01,4712810
9480,1950-01-01,2318448
2658,1950-01-01,2791326
2050,1955-01-01,7971931
5181,1955-01-01,1453730
4586,1955-01-01,10242288
9350,1955-01-01,19826
9230,1955-01-01,6116
9448,1955-01-01,4938118
5604,1955-01-01,5752
8745,1955-01-01,50264
5231,1955-01-01,18700686
1972,1955-01-01,1604376
8217,1955-01-01,46464
7859,1955-01-01,9209844
5484,1955-01-01,6946260
2557,1955-01-01,3550017
3976,1955-01-01,92444
5160,1955-01-01,134865
3421,1955-01-01,44315548
8963,1955-01-01,227320
4288,1955-01-01,7976356
2934,1955-01-01,8834526
1945,1955-01-01,79986
5854,1955-01-01,2360081
5017,1955-01-01,39136
5833,1955-01-01,196014
8863,1955-01-01,3357923
2086,1955-01-01,2958430
6025,1955-01-01,461880
5643,1955-01-01,40839223
8750,1955-01-01,7516
1038,1955-01-01,64267
4114,1955-01-01,7517922
3270,1955-01-01,4472824
5785,1955-01-01,2495193
1475,1955-01-01,4931224
2910,1955-01-01,4670538
4227,1955-01-01,15733923
5564,1955-01-01,195389
1710,1955-01-01,8129
1420,1955-01-01,1545898
9053,1955-01-01,2756169
8151,1955-01-01,7323194
4783,1955-01-01,603320147
8433,1955-01-01,13512612
2225,1955-01-01,177885
1998,1955-01-01,16129
5481,1955-01-01,1123982
9225,1955-01-01,4049659
5830,1955-01-01,6559586
5520,1955-01-01,534125
9936,1955-01-01,4426508
8382,1955-01-01,72997
1484,1955-01-01,51895
4632,1955-01-01,2791108
8990,1955-01-01,4022378
5730,1955-01-01,23841701
8331,1955-01-01,2448633
5493,1955-01-01,245800
1933,1955-01-01,895009
4556,1955-01-01,1168276
2855,1955-01-01,307078
1077,1955-01-01,19703738
1812,1955-01-01,2187
8902,1955-01-01,32127
2666,1955-01-01,343693
8325,1955-01-01,4235413
2491,1955-01-01,43593851
6137,1955-01-01,25456
1540,1955-01-01,74475
9323,1955-01-01,489459
1968,1955-01-01,349374
6192,1955-01-01,3738231
2447,1955-01-01,71222628
1680,1955-01-01,5887163
5059,1955-01-01,21541
7791,1955-01-01,8146022
9550,1955-01-01,26295
1866,1955-01-01,82656
1376,1955-01-01,242576
8106,1955-01-01,65977
8657,1955-01-01,3560239
9599,1955-01-01,3234056
5294,1955-01-01,563713
2843,1955-01-01,483316
6415,1955-01-01,3545999
1086,1955-01-01,1796527
7703,1955-01-01,2490487
9064,1955-01-01,9823331
7843,1955-01-01,157735
7159,1955-01-01,398577992
3993,1955-01-01,77741502
7987,1955-01-01,18873864
3959,1955-01-01,6405686
7100,1955-01-01,2886368
3808,1955-01-01,52283
9089,1955-01-01,1564960
5288,1955-01-01,48130728
6674,1955-01-01,1552883
6552,1955-01-01,90090281
4363,1955-01-01,622010
4450,1955-01-01,7858733
3754,1955-01-01,6558870
5939,1955-01-01,42008
5927,1955-01-01,183458
8847,1955-01-01,1944992
1313,1955-01-01,1893389
3111,1955-01-01,2032505
1899,1955-01-01,1556327
1612,1955-01-01,641361
9882,1955-01-01,1013790
9669,1955-01-01,1225687
3125,1955-01-01,14945
9898,1955-01-01,2699051
7830,1955-01-01,305514
3497,1955-01-01,4467590
3592,1955-01-01,3240318
6262,1955-01-01,6786077
2701,1955-01-01,81823
4228,1955-01-01,5014680
3964,1955-01-01,323596
8099,1955-01-01,14062
6596,1955-01-01,262164
2777,1955-01-01,738577
2792,1955-01-01,596866
6400,1955-01-01,22942
9800,1955-01-01,31452141
8489,1955-01-01,178572
1367,1955-01-01,2714714
2641,1955-01-01,20430
9877,1955-01-01,844997
1357,1955-01-01,441379
6446,1955-01-01,13432
3324,1955-01-01,10242168
9850,1955-01-01,6318904
7797,1955-01-01,19522788
2703,1955-01-01,547430
9288,1955-01-01,3818
3315,1955-01-01,9284895
7531,1955-01-01,10767906
5635,1955-01-01,69989
1811,1955-01-01,2140976
6130,1955-01-01,1539551
1507,1955-01-01,3018555
4777,1955-01-01,40839223
7875,1955-01-01,4673
4718,1955-01-01,10360269
6127,1955-01-01,1379140
1019,1955-01-01,7635
4283,1955-01-01,3429090
2939,1955-01-01,492416
5946,1955-01-01,41023128
7978,1955-01-01,8252
2232,1955-01-01,980004
6499,1955-01-01,1734921
8530,1955-01-01,1685747
2693,1955-01-01,8825897
1477,1955-01-01,23027910
7322,1955-01-01,27099199
4885,1955-01-01,8665451
7373,1955-01-01,2309782
3352,1955-01-01,28668
6771,1955-01-01,17455291
6070,1955-01-01,110971852
7426,1955-01-01,2537919
9065,1955-01-01,2130
9260,1955-01-01,88463
7092,1955-01-01,3538
3283,1955-01-01,98037
6251,1955-01-01,13967
7391,1955-01-01,3581910
5951,1955-01-01,2847262
1245,1955-01-01,6348547
3813,1955-01-01,39788
2946,1955-01-01,2135644
7069,1955-01-01,1267611
9088,1955-01-01,1973
3625,1955-01-01,3796626
5516,1955-01-01,1521772
9888,1955-01-01,117314
6544,1955-01-01,2529910
6951,1955-01-01,14594129
7514,1955-01-01,22075008
1955,1955-01-01,2695349
7526,1955-01-01,29095374
7632,1955-01-01,8749627
4452,1955-01-01,7193065
9954,1955-01-01,227145
9171,1955-01-01,7264351
9995,1955-01-01,5002410
9598,1955-01-01,3989101
1623,1955-01-01,9229462
8108,1955-01-01,1805209
5605,1955-01-01,8725576
3514,1955-01-01,23173970
8258,1955-01-01,437426
3763,1955-01-01,1518825
4810,1955-01-01,1629
7376,1955-01-01,58024
4402,1955-01-01,742576
2097,1955-01-01,3975544
3095,1955-01-01,23821353
6898,1955-01-01,1363507
6928,1955-01-01,5195
3793,1955-01-01,6601785
8670,1955-01-01,39836510
3348,1955-01-01,101803
8898,1955-01-01,51193266
8163,1955-01-01,161136449
8338,1955-01-01,2366209
7220,1955-01-01,7141923
9145,1955-01-01,56770
4005,1955-01-01,6752139
6369,1955-01-01,28263031
7483,1955-01-01,20690
7872,1955-01-01,5091603
9480,1955-01-01,2677209
2658,1955-01-01,3263625
2050,1960-01-01,8622466
5181,1960-01-01,1711189
4586,1960-01-01,11394307
9350,1960-01-01,20085
9230,1960-01-01,9443
9448,1960-01-01,5357195
5604,1960-01-01,5752
8745,1960-01-01,55342
5231,1960-01-01,20349744
1972,1960-01-01,1904148
8217,1960-01-01,54608
7859,1960-01-01,10286647
5484,1960-01-01,7046553
2557,1960-01-01,4131484
3976,1960-01-01,114500
5160,1960-01-01,160691
3421,1960-01-01,50396429
8963,1960-01-01,232550
4288,1960-01-01,8389183
2934,1960-01-01,9108724
1945,1960-01-01,91403
5854,1960-01-01,2512284
5017,1960-01-01,42026
5833,1960-01-01,221266
8863,1960-01-01,3707515
2086,1960-01-01,3262539
6025,1960-01-01,512865
5643,1960-01-01,44928342
8750,1960-01-01,7850
1038,1960-01-01,85346
4114,1960-01-01,7891756
3270,1960-01-01,4783259
5785,1960-01-01,2746628
1475,1960-01-01,5541676
2910,1960-01-01,5117608
4227,1960-01-01,17909356
5564,1960-01-01,209849
1710,1960-01-01,8473
1420,1960-01-01,1679728
9053,1960-01-01,3028688
8151,1960-01-01,8141820
4783,1960-01-01,654170692
8433,1960-01-01,15687688
2225,1960-01-01,194852
1998,1960-01-01,17631
5481,1960-01-01,1346302
9225,1960-01-01,4215324
5830,1960-01-01,7267395
5520,1960-01-01,585725
9936,1960-01-01,4581727
8382,1960-01-01,85940
1484,1960-01-01,59379
4632,1960-01-01,3298021
8990,1960-01-01,4618158
5730,1960-01-01,27034499
8331,1960-01-01,2779327
5493,1960-01-01,267351
1933,1960-01-01,993568
4556,1960-01-01,1218064
2855,1960-01-01,345065
1077,1960-01-01,21739710
1812,1960-01-01,2265
8902,1960-01-01,34154
2666,1960-01-01,401841
8325,1960-01-01,4430173
2491,1960-01-01,45659575
6137,1960-01-01,31125
1540,1960-01-01,84851
9323,1960-01-01,513340
1968,1960-01-01,399649
6192,1960-01-01,4051492
2447,1960-01-01,73063695
1680,1960-01-01,6911510
5059,1960-01-01,21822
7791,1960-01-01,8495415
9550,1960-01-01,32124
1866,1960-01-01,93772
1376,1960-01-01,276976
8106,1960-01-01,72374
8657,1960-01-01,4098352
9599,1960-01-01,3516814
5294,1960-01-01,577933
2843,1960-01-01,571990
6415,1960-01-01,3901139
1086,1960-01-01,2078617
7703,1960-01-01,3114671
9064,1960-01-01,9982610
7843,1960-01-01,175566
7159,1960-01-01,445954579
3993,1960-01-01,88382881
7987,1960-01-01,21388806
3959,1960-01-01,7084678
7100,1960-01-01,2811067
3808,1960-01-01,48793
9089,1960-01-01,1902247
5288,1960-01-01,49517707
6674,1960-01-01,1642331
6552,1960-01-01,94464839
4363,1960-01-01,847936
4450,1960-01-01,9319283
3754,1960-01-01,7751435
5939,1960-01-01,47093
5927,1960-01-01,305415
8847,1960-01-01,2216530
1313,1960-01-01,2122532
3111,1960-01-01,2154251
1899,1960-01-01,1798092
1612,1960-01-01,737838
9882,1960-01-01,1137026
9669,1960-01-01,1426986
3125,1960-01-01,16472
9898,1960-01-01,2875684
7830,1960-01-01,314168
3497,1960-01-01,5073342
3592,1960-01-01,3621081
6262,1960-01-01,7833782
2701,1960-01-01,91650
4228,1960-01-01,5346792
3964,1960-01-01,337628
8099,1960-01-01,15374
6596,1960-01-01,290092
2777,1960-01-01,838478
2792,1960-01-01,676683
6400,1960-01-01,26165
9800,1960-01-01,36268055
8489,1960-01-01,200558
1367,1960-01-01,3133267
2641,1960-01-01,21797
9877,1960-01-01,977903
1357,1960-01-01,473046
6446,1960-01-01,12100
3324,1960-01-01,11769774
9850,1960-01-01,6788375
7797,1960-01-01,21720697
2703,1960-01-01,590181
9288,1960-01-01,4582
3315,1960-01-01,10167941
7531,1960-01-01,11493117
5635,1960-01-01,81236
1811,1960-01-01,2381189
6130,1960-01-01,1789684
1507,1960-01-01,3497431
4777,1960-01-01,44928342
7875,1960-01-01,4876
4718,1960-01-01,11655666
6127,1960-01-01,1462368
1019,1960-01-01,8702
4283,1960-01-01,3581520
2939,1960-01-01,536553
5946,1960-01-01,45954226
7978,1960-01-01,9446
2232,1960-01-01,1126989
6499,1960-01-01,1985666
8530,1960-01-01,1894829
2693,1960-01-01,10172207
1477,1960-01-01,28486871
7322,1960-01-01,29509903
4885,1960-01-01,8882469
7373,1960-01-01,2365072
3352,1960-01-01,36385
6771,1960-01-01,18458008
6070,1960-01-01,119735095
7426,1960-01-01,2966162
9065,1960-01-01,2193
9260,1960-01-01,91614
7092,1960-01-01,4135
3283,1960-01-01,113335
6251,1960-01-01,15556
7391,1960-01-01,4165563
5951,1960-01-01,3273177
1245,1960-01-01,6579989
3813,1960-01-01,43167
2946,1960-01-01,2301310
7069,1960-01-01,1601079
9088,1960-01-01,2646
3625,1960-01-01,4124239
5516,1960-01-01,1599571
9888,1960-01-01,133440
6544,1960-01-01,2870732
6951,1960-01-01,16520441
7514,1960-01-01,25817529
1955,1960-01-01,2907724
7526,1960-01-01,30415591
7632,1960-01-01,9783871
4452,1960-01-01,8326462
9954,1960-01-01,268396
9171,1960-01-01,7492895
9995,1960-01-01,5328273
9598,1960-01-01,4610712
1623,1960-01-01,10983147
8108,1960-01-01,2131992
5605,1960-01-01,10042458
3514,1960-01-01,26596584
8258,1960-01-01,468573
3763,1960-01-01,1651367
4810,1960-01-01,1795
7376,1960-01-01,67428
4402,1960-01-01,847063
2097,1960-01-01,4195467
3095,1960-01-01,27510980
6898,1960-01-01,1602052
6928,1960-01-01,5404
3793,1960-01-01,7617746
8670,1960-01-01,42767251
3348,1960-01-01,133426
8898,1960-01-01,52543017
8163,1960-01-01,176188578
8338,1960-01-01,2529021
7220,1960-01-01,8372311
9145,1960-01-01,64608
4005,1960-01-01,8156937
6369,1960-01-01,32718461
7483,1960-01-01,33023
7872,1960-01-01,5542459
9480,1960-01-01,3119430
2658,1960-01-01,3806310
2050,1965-01-01,9565147
5181,1965-01-01,2009789
4586,1965-01-01,12381256
9350,1965-01-01,23391
9230,1965-01-01,13563
9448,1965-01-01,5736582
5604,1965-01-01,6018
8745,1965-01-01,59644
5231,1965-01-01,22053661
1972,1965-01-01,2234051
8217,1965-01-01,58782
7859,1965-01-01,11359442
5484,1965-01-01,7269888
2557,1965-01-01,4837811
3976,1965-01-01,144849
5160,1965-01-01,193012
3421,1965-01-01,58500159
8963,1965-01-01,237694
4288,1965-01-01,8854528
2934,1965-01-01,9412087
1945,1965-01-01,104838
5854,1965-01-01,2735843
5017,1965-01-01,47074
5833,1965-01-01,255010
8863,1965-01-01,4115511
2086,1965-01-01,3565517
6025,1965-01-01,570975
5643,1965-01-01,49925799
8750,1965-01-01,8018
1038,1965-01-01,107686
4114,1965-01-01,8245072
3270,1965-01-01,5157929
5785,1965-01-01,3118134
1475,1965-01-01,6170727
2910,1965-01-01,5690086
4227,1965-01-01,19688805
5564,1965-01-01,244156
1710,1965-01-01,9366
1420,1965-01-01,1849171
9053,1965-01-01,3336338
8151,1965-01-01,8994936
4783,1965-01-01,723846349
8433,1965-01-01,18275814
2225,1965-01-01,214939
1998,1965-01-01,18767
5481,1965-01-01,1602736
9225,1965-01-01,4371381
5830,1965-01-01,8067651
5520,1965-01-01,617345
9936,1965-01-01,4756337
8382,1965-01-01,108772
1484,1965-01-01,63744
4632,1965-01-01,3868712
8990,1965-01-01,5337351
5730,1965-01-01,30818469
8331,1965-01-01,3179506
5493,1965-01-01,295010
1933,1965-01-01,1121739
4556,1965-01-01,1292004
2855,1965-01-01,388317
1077,1965-01-01,24727506
1812,1965-01-01,2308
8902,1965-01-01,36346
2666,1965-01-01,469010
8325,1965-01-01,4564583
2491,1965-01-01,48168804
6137,1965-01-01,38946
1540,1965-01-01,98674
9323,1965-01-01,547535
1968,1965-01-01,458908
6192,1965-01-01,4418592
2447,1965-01-01,76037469
1680,1965-01-01,7827726
5059,1965-01-01,23910
7791,1965-01-01,8526254
9550,1965-01-01,38539
1866,1965-01-01,98226
1376,1965-01-01,303438
8106,1965-01-01,80255
8657,1965-01-01,4744461
9599,1965-01-01,3845074
5294,1965-01-01,577638
2843,1965-01-01,650207
6415,1965-01-01,4274348
1086,1965-01-01,2403465
7703,1965-01-01,3602029
9064,1965-01-01,10140853
7843,1965-01-01,192309
7159,1965-01-01,500114346
3993,1965-01-01,101157868
7987,1965-01-01,24667026
3959,1965-01-01,8270544
7100,1965-01-01,2852401
3808,1965-01-01,50057
9089,1965-01-01,2361088
5288,1965-01-01,51452854
6674,1965-01-01,1746977
6552,1965-01-01,99468746
4363,1965-01-01,1093474
4450,1965-01-01,10897644
3754,1965-01-01,9417207
5939,1965-01-01,53444
5927,1965-01-01,513840
8847,1965-01-01,2615167
1313,1965-01-01,2379456
3111,1965-01-01,2287805
1899,1965-01-01,2087445
1612,1965-01-01,860220
9882,1965-01-01,1287315
9669,1965-01-01,1700072
3125,1965-01-01,18500
9898,1965-01-01,3052979
7830,1965-01-01,329794
3497,1965-01-01,5780453
3592,1965-01-01,4089097
6262,1965-01-01,9091016
2701,1965-01-01,104566
4228,1965-01-01,5726382
3964,1965-01-01,326401
8099,1965-01-01,18154
6596,1965-01-01,313791
2777,1965-01-01,965621
2792,1965-01-01,758628
6400,1965-01-01,30165
9800,1965-01-01,42737991
8489,1965-01-01,229207
1367,1965-01-01,3476796
2641,1965-01-01,23022
9877,1965-01-01,1134072
1357,1965-01-01,503188
6446,1965-01-01,11725
3324,1965-01-01,13381880
9850,1965-01-01,7524154
7797,1965-01-01,24286878
2703,1965-01-01,657887
9288,1965-01-01,5804
3315,1965-01-01,11232951
7531,1965-01-01,12275791
5635,1965-01-01,94803
1811,1965-01-01,2638316
6130,1965-01-01,2084097
1507,1965-01-01,4053524
4777,1965-01-01,49925799
7875,1965-01-01,5316
4718,1965-01-01,13105946
6127,1965-01-01,1547982
1019,1965-01-01,10229
4283,1965-01-01,3723510
2939,1965-01-01,593808
5946,1965-01-01,51841626
7978,1965-01-01,10563
2232,1965-01-01,1310556
6499,1965-01-01,2222178
8530,1965-01-01,2143153
2693,1965-01-01,11781581
1477,1965-01-01,32805538
7322,1965-01-01,31224081
4885,1965-01-01,8899092
7373,1965-01-01,2564270
3352,1965-01-01,64843
6771,1965-01-01,19117072
6070,1965-01-01,126400607
7426,1965-01-01,3348631
9065,1965-01-01,2346
9260,1965-01-01,97024
7092,1965-01-01,4832
3283,1965-01-01,129789
6251,1965-01-01,17273
7391,1965-01-01,4978922
5951,1965-01-01,3770874
1245,1965-01-01,6902989
3813,1965-01-01,48123
2946,1965-01-01,2520576
7069,1965-01-01,1860651
9088,1965-01-01,4161
3625,1965-01-01,4363511
5516,1965-01-01,1669453
9888,1965-01-01,151495
6544,1965-01-01,3267593
6951,1965-01-01,19187194
7514,1965-01-01,29179407
1955,1965-01-01,3143622
7526,1965-01-01,32112015
7632,1965-01-01,11035224
4452,1965-01-01,9712785
9954,1965-01-01,321069
9171,1965-01-01,7755752
9995,1965-01-01,5857047
9598,1965-01-01,5368451
1623,1965-01-01,13070708
8108,1965-01-01,2538295
5605,1965-01-01,11630603
3514,1965-01-01,30940270
8258,1965-01-01,507477
3763,1965-01-01,1820396
4810,1965-01-01,1896
7376,1965-01-01,77686
4402,1965-01-01,928462
2097,1965-01-01,4457282
3095,1965-01-01,31374536
6898,1965-01-01,1897095
6928,1965-01-01,5548
3793,1965-01-01,8829056
8670,1965-01-01,45387091
3348,1965-01-01,173797
8898,1965-01-01,54229565
8163,1965-01-01,189703283
8338,1965-01-01,2680427
7220,1965-01-01,10130096
9145,1965-01-01,74677
4005,1965-01-01,9688138
6369,1965-01-01,37466077
7483,1965-01-01,51206
7872,1965-01-01,6097298
9480,1965-01-01,3658024
2658,1965-01-01,4447149
2050,1970-01-01,10752971
5181,1970-01-01,2324731
4586,1970-01-01,13795915
9350,1970-01-01,27075
9230,1970-01-01,19860
9448,1970-01-01,6029700
5604,1970-01-01,6283
8745,1970-01-01,64516
5231,1970-01-01,23842803
1972,1970-01-01,2534377
8217,1970-01-01,59106
7859,1970-01-01,12595034
5484,1970-01-01,7465301
2557,1970-01-01,5425317
3976,1970-01-01,179129
5160,1970-01-01,222555
3421,1970-01-01,67541860
8963,1970-01-01,241397
4288,1970-01-01,9170786
2934,1970-01-01,9629376
1945,1970-01-01,120905
5854,1970-01-01,3023443
5017,1970-01-01,52019
5833,1970-01-01,298894
8863,1970-01-01,4585693
2086,1970-01-01,3815561
6025,1970-01-01,592244
5643,1970-01-01,96369875
8750,1970-01-01,9581
1038,1970-01-01,133343
4114,1970-01-01,8582950
3270,1970-01-01,5611666
5785,1970-01-01,3497834
1475,1970-01-01,6708525
2910,1970-01-01,6452787
4227,1970-01-01,21434577
5564,1970-01-01,287262
1710,1970-01-01,10533
1420,1970-01-01,2067356
9053,1970-01-01,3667394
8151,1970-01-01,9820481
4783,1970-01-01,822534450
8433,1970-01-01,20905254
2225,1970-01-01,242351
1998,1970-01-01,20470
5481,1970-01-01,1855697
9225,1970-01-01,4492638
5830,1970-01-01,8869636
5520,1970-01-01,640804
9936,1970-01-01,4922963
8382,1970-01-01,144379
1484,1970-01-01,68895
4632,1970-01-01,4475871
8990,1970-01-01,6172215
5730,1970-01-01,34781986
8331,1970-01-01,3619090
5493,1970-01-01,316955
1933,1970-01-01,1272748
4556,1970-01-01,1361999
2855,1970-01-01,442865
1077,1970-01-01,28308246
1812,1970-01-01,2274
8902,1970-01-01,38416
2666,1970-01-01,527634
8325,1970-01-01,4606621
2491,1970-01-01,50523586
6137,1970-01-01,46484
1540,1970-01-01,117891
9323,1970-01-01,597192
1968,1970-01-01,528731
6192,1970-01-01,4800426
2447,1970-01-01,78294583
1680,1970-01-01,8861895
5059,1970-01-01,26685
7791,1970-01-01,8544873
9550,1970-01-01,45434
1866,1970-01-01,98794
1376,1970-01-01,318310
8106,1970-01-01,88300
8657,1970-01-01,5453208
9599,1970-01-01,4222374
5294,1970-01-01,591663
2843,1970-01-01,705261
6415,1970-01-01,4680812
1086,1970-01-01,2782753
7703,1970-01-01,3955072
9064,1970-01-01,10315366
7843,1970-01-01,204468
7159,1970-01-01,557501301
3993,1970-01-01,115228394
7987,1970-01-01,28449705
3959,1970-01-01,9811347
7100,1970-01-01,2937637
3808,1970-01-01,55298
9089,1970-01-01,2907307
5288,1970-01-01,53324036
6674,1970-01-01,1859091
6552,1970-01-01,105416839
4363,1970-01-01,1557374
4450,1970-01-01,12265305
3754,1970-01-01,11473087
5939,1970-01-01,57437
5927,1970-01-01,802786
8847,1970-01-01,3016384
1313,1970-01-01,2675283
3111,1970-01-01,2397414
1899,1970-01-01,2381791
1612,1970-01-01,1023481
9882,1970-01-01,1463563
9669,1970-01-01,1909177
3125,1970-01-01,21089
9898,1970-01-01,3210147
7830,1970-01-01,339342
3497,1970-01-01,6639751
3592,1970-01-01,4625141
6262,1970-01-01,10306508
2701,1970-01-01,123243
4228,1970-01-01,6153587
3964,1970-01-01,315414
8099,1970-01-01,23969
6596,1970-01-01,326428
2777,1970-01-01,1122198
2792,1970-01-01,830115
6400,1970-01-01,35383
9800,1970-01-01,50289306
8489,1970-01-01,58989
1367,1970-01-01,3711140
2641,1970-01-01,24270
9877,1970-01-01,1293880
1357,1970-01-01,530268
6446,1970-01-01,11402
3324,1970-01-01,15274351
9850,1970-01-01,8411676
7797,1970-01-01,27284112
2703,1970-01-01,754467
9288,1970-01-01,6663
3315,1970-01-01,12501285
7531,1970-01-01,13037686
5635,1970-01-01,110982
1811,1970-01-01,2824061
6130,1970-01-01,2444767
1507,1970-01-01,4669708
4777,1970-01-01,55569264
7875,1970-01-01,5185
4718,1970-01-01,14996879
6127,1970-01-01,1656783
1019,1970-01-01,10143
4283,1970-01-01,3875546
2939,1970-01-01,670693
5946,1970-01-01,59290872
7978,1970-01-01,11366
2232,1970-01-01,1516188
6499,1970-01-01,2489059
8530,1970-01-01,2408787
2693,1970-01-01,13562371
1477,1970-01-01,37435586
7322,1970-01-01,32482943
4885,1970-01-01,8683631
7373,1970-01-01,2737619
3352,1970-01-01,118007
6771,1970-01-01,19922618
6070,1970-01-01,130093010
7426,1970-01-01,3896367
9065,1970-01-01,2417
9260,1970-01-01,103090
7092,1970-01-01,5802
3283,1970-01-01,142771
6251,1970-01-01,18169
7391,1970-01-01,6106191
5951,1970-01-01,4367744
1245,1970-01-01,7193533
3813,1970-01-01,54379
2946,1970-01-01,2778557
7069,1970-01-01,2061831
9088,1970-01-01,6260
3625,1970-01-01,4522867
5516,1970-01-01,1741286
9888,1970-01-01,172833
6544,1970-01-01,3720977
6951,1970-01-01,22368306
7514,1970-01-01,32601143
1955,1970-01-01,3342410
7526,1970-01-01,33792617
7632,1970-01-01,12388769
4452,1970-01-01,11305206
9954,1970-01-01,379918
9171,1970-01-01,8027702
9995,1970-01-01,6181227
9598,1970-01-01,6319199
1623,1970-01-01,14957870
8108,1970-01-01,2993019
5605,1970-01-01,13618192
3514,1970-01-01,35791728
8258,1970-01-01,554021
3763,1970-01-01,2197383
4810,1970-01-01,1714
7376,1970-01-01,86484
4402,1970-01-01,988890
2097,1970-01-01,5047404
3095,1970-01-01,35540990
6898,1970-01-01,2201432
6928,1970-01-01,5814
3793,1970-01-01,10317212
8670,1970-01-01,47279086
3348,1970-01-01,298084
8898,1970-01-01,55650166
8163,1970-01-01,200328340
8338,1970-01-01,2790265
7220,1970-01-01,12011361
9145,1970-01-01,87019
4005,1970-01-01,11355475
6369,1970-01-01,41928849
7483,1970-01-01,76371
7872,1970-01-01,6843607
9480,1970-01-01,4281671
2658,1970-01-01,5202918
2050,1975-01-01,12157386
5181,1975-01-01,2650122
4586,1975-01-01,15724692
9350,1975-01-01,29573
9230,1975-01-01,27640
9448,1975-01-01,7032713
5604,1975-01-01,6463
8745,1975-01-01,64035
5231,1975-01-01,25875558
1972,1975-01-01,2830798
8217,1975-01-01,60715
7859,1975-01-01,13886854
5484,1975-01-01,7576926
2557,1975-01-01,5925012
3976,1975-01-01,201881
5160,1975-01-01,285116
3421,1975-01-01,74700345
8963,1975-01-01,247090
4288,1975-01-01,9500738
2934,1975-01-01,9763430
1945,1975-01-01,130801
5854,1975-01-01,3378703
5017,1975-01-01,53256
5833,1975-01-01,352269
8863,1975-01-01,5127776
2086,1975-01-01,4022090
6025,1975-01-01,727930
5643,1975-01-01,62851312
8750,1975-01-01,10282
1038,1975-01-01,159653
4114,1975-01-01,8860971
3270,1975-01-01,6138444
5785,1975-01-01,3749232
1475,1975-01-01,6727922
2910,1975-01-01,7397417
4227,1975-01-01,23136252
5564,1975-01-01,304375
1710,1975-01-01,13791
1420,1975-01-01,2283927
9053,1975-01-01,4084110
8151,1975-01-01,10639531
4783,1975-01-01,915124661
8433,1975-01-01,23403731
2225,1975-01-01,280036
1998,1975-01-01,18863
5481,1975-01-01,2111850
9225,1975-01-01,4579428
5830,1975-01-01,9514305
5520,1975-01-01,644982
9936,1975-01-01,5058203
8382,1975-01-01,208582
1484,1975-01-01,71300
4632,1975-01-01,5106453
8990,1975-01-01,7105786
5730,1975-01-01,38775584
8331,1975-01-01,4076751
5493,1975-01-01,283262
1933,1975-01-01,1450867
4556,1975-01-01,1424044
2855,1975-01-01,509535
1077,1975-01-01,32252783
1812,1975-01-01,2280
8902,1975-01-01,40626
2666,1975-01-01,575804
8325,1975-01-01,4711368
2491,1975-01-01,52450030
6137,1975-01-01,54347
1540,1975-01-01,139833
9323,1975-01-01,663340
1968,1975-01-01,612909
6192,1975-01-01,4970320
2447,1975-01-01,78513511
1680,1975-01-01,10209848
5059,1975-01-01,27973
7791,1975-01-01,8805415
9550,1975-01-01,49151
1866,1975-01-01,97165
1376,1975-01-01,324878
8106,1975-01-01,99478
8657,1975-01-01,6201734
9599,1975-01-01,4588006
5294,1975-01-01,659635
2843,1975-01-01,745590
6415,1975-01-01,5124560
1086,1975-01-01,3231631
7703,1975-01-01,4451220
9064,1975-01-01,10520237
7843,1975-01-01,218070
7159,1975-01-01,623524219
3993,1975-01-01,131213215
7987,1975-01-01,32856976
3959,1975-01-01,11617622
7100,1975-01-01,3157919
3808,1975-01-01,59949
9089,1975-01-01,3388086
5288,1975-01-01,55093989
6674,1975-01-01,2003094
6552,1975-01-01,112411640
4363,1975-01-01,1886636
4450,1975-01-01,13158942
3754,1975-01-01,13651908
5939,1975-01-01,60675
5927,1975-01-01,1095998
8847,1975-01-01,3353850
1313,1975-01-01,3012720
3111,1975-01-01,2492528
1899,1975-01-01,2691586
1612,1975-01-01,1216180
9882,1975-01-01,1671632
9669,1975-01-01,2291841
3125,1975-01-01,23030
9898,1975-01-01,3368287
7830,1975-01-01,353666
3497,1975-01-01,7720859
3592,1975-01-01,5280965
6262,1975-01-01,11617947
2701,1975-01-01,143126
4228,1975-01-01,6687293
3964,1975-01-01,319619
8099,1975-01-01,27047
6596,1975-01-01,328795
2777,1975-01-01,1302436
2792,1975-01-01,888292
6400,1975-01-01,42097
9800,1975-01-01,58691882
8489,1975-01-01,289396
1367,1975-01-01,3913586
2641,1975-01-01,25524
9877,1975-01-01,1485691
1357,1975-01-01,559279
6446,1975-01-01,11533
3324,1975-01-01,17325325
9850,1975-01-01,9703732
7797,1975-01-01,30344276
2703,1975-01-01,876572
9288,1975-01-01,7199
3315,1975-01-01,13925541
7531,1975-01-01,13663969
5635,1975-01-01,136601
1811,1975-01-01,3095428
6130,1975-01-01,2857461
1507,1975-01-01,5339497
4777,1975-01-01,62851312
7875,1975-01-01,4270
4718,1975-01-01,16723252
6127,1975-01-01,1774013
1019,1975-01-01,15269
4283,1975-01-01,4007466
2939,1975-01-01,787194
5946,1975-01-01,68126999
7978,1975-01-01,12607
2232,1975-01-01,1734876
6499,1975-01-01,2794462
8530,1975-01-01,2714664
2693,1975-01-01,15441497
1477,1975-01-01,42394433
7322,1975-01-01,33899770
4885,1975-01-01,9202709
7373,1975-01-01,2972267
3352,1975-01-01,195043
6771,1975-01-01,21167265
6070,1975-01-01,133841842
7426,1975-01-01,4515756
9065,1975-01-01,2575
9260,1975-01-01,111497
7092,1975-01-01,6656
3283,1975-01-01,155263
6251,1975-01-01,19803
7391,1975-01-01,7897544
5951,1975-01-01,5047922
1245,1975-01-01,7479833
3813,1975-01-01,60943
2946,1975-01-01,3055916
7069,1975-01-01,2232425
9088,1975-01-01,8906
3625,1975-01-01,4737059
5516,1975-01-01,1817044
9888,1975-01-01,197853
6544,1975-01-01,4228289
6951,1975-01-01,25777964
7514,1975-01-01,35930694
1955,1975-01-01,3718279
7526,1975-01-01,35760431
7632,1975-01-01,13662873
4452,1975-01-01,13497543
9954,1975-01-01,392137
9171,1975-01-01,8224408
9995,1975-01-01,6338267
9598,1975-01-01,7497126
1623,1975-01-01,16551774
8108,1975-01-01,3482125
5605,1975-01-01,16243826
3514,1975-01-01,40908471
8258,1975-01-01,600126
3763,1975-01-01,2509713
4810,1975-01-01,1621
7376,1975-01-01,93477
4402,1975-01-01,1054017
2097,1975-01-01,5769074
3095,1975-01-01,39673590
6898,1975-01-01,2525760
6928,1975-01-01,6381
3793,1975-01-01,11730959
8670,1975-01-01,48892187
3348,1975-01-01,543394
8898,1975-01-01,56266842
8163,1975-01-01,211274535
8338,1975-01-01,2871947
7220,1975-01-01,13894347
9145,1975-01-01,102010
4005,1975-01-01,13176387
6369,1975-01-01,46969616
7483,1975-01-01,66865
7872,1975-01-01,7855657
9480,1975-01-01,4931249
2658,1975-01-01,6097083
2050,1980-01-01,12486631
5181,1980-01-01,2941651
4586,1980-01-01,18739378
9350,1980-01-01,32886
9230,1980-01-01,35611
9448,1980-01-01,8330047
5604,1980-01-01,6560
8745,1980-01-01,64888
5231,1980-01-01,28024803
1972,1980-01-01,3135123
8217,1980-01-01,62267
7859,1980-01-01,14706322
5484,1980-01-01,7547561
2557,1980-01-01,6383060
3976,1980-01-01,223752
5160,1980-01-01,362595
3421,1980-01-01,83929765
8963,1980-01-01,253575
4288,1980-01-01,9817257
2934,1980-01-01,9828986
1945,1980-01-01,145133
5854,1980-01-01,3833939
5017,1980-01-01,53565
5833,1980-01-01,415257
8863,1980-01-01,5736088
2086,1980-01-01,4199820
6025,1980-01-01,938578
5643,1980-01-01,122288383
8750,1980-01-01,11109
1038,1980-01-01,187921
4114,1980-01-01,8980606
3270,1980-01-01,6932967
5785,1980-01-01,4312834
1475,1980-01-01,6198959
2910,1980-01-01,8519891
4227,1980-01-01,24511510
5564,1980-01-01,317234
1710,1980-01-01,17100
1420,1980-01-01,2415276
9053,1980-01-01,4408230
8151,1980-01-01,11469828
4783,1980-01-01,982372466
8433,1980-01-01,26176195
2225,1980-01-01,328328
1998,1980-01-01,17651
5481,1980-01-01,2414303
9225,1980-01-01,4680144
5830,1980-01-01,9809107
5520,1980-01-01,679327
9936,1980-01-01,5125392
8382,1980-01-01,324121
1484,1980-01-01,72978
4632,1980-01-01,5755800
8990,1980-01-01,8135845
5730,1980-01-01,43748556
8331,1980-01-01,4508992
5493,1980-01-01,282509
1933,1980-01-01,1657982
4556,1980-01-01,1476983
2855,1980-01-01,598564
1077,1980-01-01,34945469
1812,1980-01-01,2240
8902,1980-01-01,43054
2666,1980-01-01,644582
8325,1980-01-01,4779418
2491,1980-01-01,53713830
6137,1980-01-01,66825
1540,1980-01-01,163591
9323,1980-01-01,749078
1968,1980-01-01,718586
6192,1980-01-01,5145843
2447,1980-01-01,77786703
1680,1980-01-01,11865246
5059,1980-01-01,28734
7791,1980-01-01,9307148
9550,1980-01-01,50106
1866,1980-01-01,94838
1376,1980-01-01,334234
8106,1980-01-01,110286
8657,1980-01-01,6987767
9599,1980-01-01,4972609
5294,1980-01-01,831462
2843,1980-01-01,778176
6415,1980-01-01,5646676
1086,1980-01-01,3777990
7703,1980-01-01,4978544
9064,1980-01-01,10698679
7843,1980-01-01,228263
7159,1980-01-01,696828385
3993,1980-01-01,148177096
7987,1980-01-01,38520664
3959,1980-01-01,13653369
7100,1980-01-01,3391387
3808,1980-01-01,64022
9089,1980-01-01,3744608
5288,1980-01-01,56329482
6674,1980-01-01,2135546
6552,1980-01-01,117624196
4363,1980-01-01,2216903
4450,1980-01-01,14172710
3754,1980-01-01,16187124
5939,1980-01-01,60813
5927,1980-01-01,1493870
8847,1980-01-01,3691209
1313,1980-01-01,3297519
3111,1980-01-01,2572037
1899,1980-01-01,2963702
1612,1980-01-01,1407672
9882,1980-01-01,1932169
9669,1980-01-01,2962720
3125,1980-01-01,25003
9898,1980-01-01,3521206
7830,1980-01-01,363741
3497,1980-01-01,8948162
3592,1980-01-01,6267369
6262,1980-01-01,13215707
2701,1980-01-01,164887
4228,1980-01-01,7372581
3964,1980-01-01,333587
8099,1980-01-01,31988
6596,1980-01-01,333786
2777,1980-01-01,1506694
2792,1980-01-01,954865
6400,1980-01-01,52233
9800,1980-01-01,67705186
8489,1980-01-01,76299
1367,1980-01-01,4103240
2641,1980-01-01,27076
9877,1980-01-01,1697780
1357,1980-01-01,589324
6446,1980-01-01,11452
3324,1980-01-01,19678444
9850,1980-01-01,11413587
7797,1980-01-01,33465781
2703,1980-01-01,975994
9288,1980-01-01,7635
3315,1980-01-01,15600442
7531,1980-01-01,14130387
5635,1980-01-01,148599
1811,1980-01-01,3147168
6130,1980-01-01,3303309
1507,1980-01-01,6173177
4777,1980-01-01,72951439
7875,1980-01-01,3637
4718,1980-01-01,17973650
6127,1980-01-01,1907023
1019,1980-01-01,17613
4283,1980-01-01,4085776
2939,1980-01-01,1017462
5946,1980-01-01,80624057
7978,1980-01-01,12252
2232,1980-01-01,1956987
6499,1980-01-01,3104788
8530,1980-01-01,3078912
2693,1980-01-01,17492406
1477,1980-01-01,48419546
7322,1980-01-01,35521429
4885,1980-01-01,9785252
7373,1980-01-01,3214568
3352,1980-01-01,277450
6771,1980-01-01,22125224
6070,1980-01-01,138257420
7426,1980-01-01,5247532
9065,1980-01-01,2983
9260,1980-01-01,121633
7092,1980-01-01,7776
3283,1980-01-01,164905
6251,1980-01-01,21346
7391,1980-01-01,10171710
5951,1980-01-01,5703869
1245,1980-01-01,7777010
3813,1980-01-01,65290
2946,1980-01-01,3367477
7069,1980-01-01,2400729
9088,1980-01-01,12243
3625,1980-01-01,4973883
5516,1980-01-01,1901570
9888,1980-01-01,233668
6544,1980-01-01,5892224
6951,1980-01-01,29463549
7514,1980-01-01,38170501
1955,1980-01-01,4192011
7526,1980-01-01,37491666
7632,1980-01-01,14943645
4452,1980-01-01,16673586
9954,1980-01-01,375112
9171,1980-01-01,8311763
9995,1980-01-01,6319113
9598,1980-01-01,8898954
1623,1980-01-01,18100281
8108,1980-01-01,4045965
5605,1980-01-01,19297659
3514,1980-01-01,45737753
8258,1980-01-01,642224
3763,1980-01-01,2838110
4810,1980-01-01,1647
7376,1980-01-01,96708
4402,1980-01-01,1127852
2097,1980-01-01,6578156
3095,1980-01-01,44089069
6898,1980-01-01,2862903
6928,1980-01-01,7731
3793,1980-01-01,13284026
8670,1980-01-01,49973920
3348,1980-01-01,1014048
8898,1980-01-01,56326328
8163,1980-01-01,223140018
8338,1980-01-01,2953750
7220,1980-01-01,15947129
9145,1980-01-01,118156
4005,1980-01-01,15210443
6369,1980-01-01,52968270
7483,1980-01-01,116775
7872,1980-01-01,9204938
9480,1980-01-01,5720438
2658,1980-01-01,7049926
2050,1985-01-01,10512221
5181,1985-01-01,3171725
4586,1985-01-01,22132905
9350,1985-01-01,39663
9230,1985-01-01,43809
9448,1985-01-01,9970621
5604,1985-01-01,6907
8745,1985-01-01,65048
5231,1985-01-01,30287112
1972,1985-01-01,3300896
8217,1985-01-01,64478
7859,1985-01-01,15785682
5484,1985-01-01,7562114
2557,1985-01-01,6891140
3976,1985-01-01,245935
5160,1985-01-01,434375
3421,1985-01-01,95959099
8963,1985-01-01,257911
4288,1985-01-01,10133211
2934,1985-01-01,9880534
1945,1985-01-01,163436
5854,1985-01-01,4419552
5017,1985-01-01,55611
5833,1985-01-01,484528
8863,1985-01-01,6385630
2086,1985-01-01,4383306
6025,1985-01-01,1138704
5643,1985-01-01,83585251
8750,1985-01-01,13202
1038,1985-01-01,222119
4114,1985-01-01,8917076
3270,1985-01-01,7979185
5785,1985-01-01,4948024
1475,1985-01-01,7376090
2910,1985-01-01,9804254
4227,1985-01-01,25843922
5564,1985-01-01,339874
1710,1985-01-01,21313
1420,1985-01-01,2553075
9053,1985-01-01,4967590
8151,1985-01-01,12326396
4783,1985-01-01,1060239979
8433,1985-01-01,29326260
2225,1985-01-01,375650
1998,1985-01-01,16657
5481,1985-01-01,2771463
9225,1985-01-01,4803325
5830,1985-01-01,10149044
5520,1985-01-01,731664
9936,1985-01-01,5119452
8382,1985-01-01,400709
1484,1985-01-01,71596
4632,1985-01-01,6417798
8990,1985-01-01,9254311
5730,1985-01-01,50035843
8331,1985-01-01,4876757
5493,1985-01-01,378379
1933,1985-01-01,1899243
4556,1985-01-01,1525782
2855,1985-01-01,702400
1077,1985-01-01,40285965
1812,1985-01-01,2232
8902,1985-01-01,45575
2666,1985-01-01,727461
8325,1985-01-01,4902175
2491,1985-01-01,55108106
6137,1985-01-01,86931
1540,1985-01-01,187578
9323,1985-01-01,856482
1968,1985-01-01,855958
6192,1985-01-01,5338867
2447,1985-01-01,77638808
1680,1985-01-01,13651443
5059,1985-01-01,28674
7791,1985-01-01,9840141
9550,1985-01-01,53220
1866,1985-01-01,100576
1376,1985-01-01,357844
8106,1985-01-01,124675
8657,1985-01-01,7932185
9599,1985-01-01,5531661
5294,1985-01-01,900088
2843,1985-01-01,772671
6415,1985-01-01,6245539
1086,1985-01-01,4387693
7703,1985-01-01,5411680
9064,1985-01-01,10542754
7843,1985-01-01,241577
7159,1985-01-01,780242084
3993,1985-01-01,165791694
7987,1985-01-01,47266160
3959,1985-01-01,15753856
7100,1985-01-01,3505769
3808,1985-01-01,64376
9089,1985-01-01,4182681
5288,1985-01-01,56636465
6674,1985-01-01,2292030
6552,1985-01-01,121119031
4363,1985-01-01,2751492
4450,1985-01-01,15413315
3754,1985-01-01,19452161
5939,1985-01-01,66708
5927,1985-01-01,1888975
8847,1985-01-01,4064852
1313,1985-01-01,3741604
3111,1985-01-01,2655104
1899,1985-01-01,3226750
1612,1985-01-01,1616697
9882,1985-01-01,2239724
9669,1985-01-01,3684313
3125,1985-01-01,26785
9898,1985-01-01,3672852
7830,1985-01-01,366466
3497,1985-01-01,10297746
3592,1985-01-01,7625078
6262,1985-01-01,15108135
2701,1985-01-01,190383
4228,1985-01-01,8187651
3964,1985-01-01,349118
8099,1985-01-01,38962
6596,1985-01-01,348728
2777,1985-01-01,1746265
2792,1985-01-01,1025769
6400,1985-01-01,68287
9800,1985-01-01,74872006
8489,1985-01-01,372310
1367,1985-01-01,4300695
2641,1985-01-01,28807
9877,1985-01-01,1919744
1357,1985-01-01,604622
6446,1985-01-01,11113
3324,1985-01-01,22335077
9850,1985-01-01,12680065
7797,1985-01-01,36881020
2703,1985-01-01,1093311
9288,1985-01-01,8313
3315,1985-01-01,17540571
7531,1985-01-01,14515704
5635,1985-01-01,159702
1811,1985-01-01,3268356
6130,1985-01-01,3763034
1507,1985-01-01,7187618
4777,1985-01-01,83585251
7875,1985-01-01,2848
4718,1985-01-01,19325487
6127,1985-01-01,2001504
1019,1985-01-01,32041
4283,1985-01-01,4152637
2939,1985-01-01,1353289
5946,1985-01-01,97121552
7978,1985-01-01,13644
2232,1985-01-01,2197065
6499,1985-01-01,3447579
8530,1985-01-01,3535498
2693,1985-01-01,19746610
1477,1985-01-01,54812660
7322,1985-01-01,37179160
4885,1985-01-01,9996896
7373,1985-01-01,3406279
3352,1985-01-01,365868
6771,1985-01-01,22525363
6070,1985-01-01,142896392
7426,1985-01-01,6266752
9065,1985-01-01,4016
9260,1985-01-01,132751
7092,1985-01-01,15714
3283,1985-01-01,166517
6251,1985-01-01,22241
7391,1985-01-01,12890245
5951,1985-01-01,6520705
1245,1985-01-01,7912069
3813,1985-01-01,67833
2946,1985-01-01,3749419
7069,1985-01-01,2685994
9088,1985-01-01,19064
3625,1985-01-01,5146571
5516,1985-01-01,1952518
9888,1985-01-01,277158
6544,1985-01-01,6630637
6951,1985-01-01,33752964
7514,1985-01-01,41232709
1955,1985-01-01,4706975
7526,1985-01-01,38471920
7632,1985-01-01,16092338
4452,1985-01-01,19517196
9954,1985-01-01,387171
9171,1985-01-01,8389913
9995,1985-01-01,6469824
9598,1985-01-01,10540926
1623,1985-01-01,19511876
8108,1985-01-01,4660598
5605,1985-01-01,22569625
3514,1985-01-01,50594940
8258,1985-01-01,682109
3763,1985-01-01,3336508
4810,1985-01-01,1739
7376,1985-01-01,97055
4402,1985-01-01,1199785
2097,1985-01-01,7476092
3095,1985-01-01,49175673
6898,1985-01-01,3246887
6928,1985-01-01,8329
3793,1985-01-01,15038915
8670,1985-01-01,50917399
3348,1985-01-01,1379536
8898,1985-01-01,56643045
8163,1985-01-01,235146182
8338,1985-01-01,3024218
7220,1985-01-01,18063201
9145,1985-01-01,133119
4005,1985-01-01,17402304
6369,1985-01-01,59811313
7483,1985-01-01,150190
7872,1985-01-01,11036918
9480,1985-01-01,6686449
2658,1985-01-01,8690515
2050,1990-01-01,10694796
5181,1990-01-01,3295066
4586,1990-01-01,25518074
9350,1990-01-01,47818
9230,1990-01-01,53569
9448,1990-01-01,11828638
5604,1990-01-01,8316
8745,1990-01-01,63328
5231,1990-01-01,32637657
1972,1990-01-01,3556539
8217,1990-01-01,65712
7859,1990-01-01,17048003
5484,1990-01-01,7678729
2557,1990-01-01,7427836
3976,1990-01-01,270679
5160,1990-01-01,517418
3421,1990-01-01,107147651
8963,1990-01-01,258868
4288,1990-01-01,10428525
2934,1990-01-01,9959560
1945,1990-01-01,182589
5854,1990-01-01,5133419
5017,1990-01-01,57470
5833,1990-01-01,558442
8863,1990-01-01,7096194
2086,1990-01-01,4494310
6025,1990-01-01,1341474
5643,1990-01-01,150706446
8750,1990-01-01,15617
1038,1990-01-01,261928
4114,1990-01-01,8767778
3270,1990-01-01,9131361
5785,1990-01-01,5483793
1475,1990-01-01,8910808
2910,1990-01-01,11430520
4227,1990-01-01,27657204
5564,1990-01-01,364563
1710,1990-01-01,26027
1420,1990-01-01,2809221
9053,1990-01-01,5827069
8151,1990-01-01,13342868
4783,1990-01-01,1153704252
8433,1990-01-01,32601393
2225,1990-01-01,431119
1998,1990-01-01,17123
5481,1990-01-01,3158253
9225,1990-01-01,4873707
5830,1990-01-01,10626680
5520,1990-01-01,788500
9936,1990-01-01,5144623
8382,1990-01-01,577173
1484,1990-01-01,69481
4632,1990-01-01,7129004
8990,1990-01-01,10449837
5730,1990-01-01,57214630
8331,1990-01-01,5367179
5493,1990-01-01,465549
1933,1990-01-01,2149960
4556,1990-01-01,1570674
2855,1990-01-01,854011
1077,1990-01-01,47878073
1812,1990-01-01,2332
8902,1990-01-01,47479
2666,1990-01-01,780430
8325,1990-01-01,4986545
2491,1990-01-01,56412897
6137,1990-01-01,113931
1540,1990-01-01,211089
9323,1990-01-01,983028
1968,1990-01-01,1040616
6192,1990-01-01,5391636
2447,1990-01-01,79370196
1680,1990-01-01,15446982
5059,1990-01-01,27317
7791,1990-01-01,10302255
9550,1990-01-01,55599
1866,1990-01-01,99047
1376,1990-01-01,391951
8106,1990-01-01,138263
8657,1990-01-01,9084780
9599,1990-01-01,6354145
5294,1990-01-01,973551
2843,1990-01-01,747116
6415,1990-01-01,6925331
1086,1990-01-01,5053234
7703,1990-01-01,5838574
9064,1990-01-01,10375989
7843,1990-01-01,255019
7159,1990-01-01,870452165
3993,1990-01-01,182159874
7987,1990-01-01,55793629
3959,1990-01-01,17658381
7100,1990-01-01,3485374
3808,1990-01-01,68865
9089,1990-01-01,4803254
5288,1990-01-01,56756561
6674,1990-01-01,2392030
6552,1990-01-01,123686321
4363,1990-01-01,3480587
4450,1990-01-01,16866563
3754,1990-01-01,23162269
5939,1990-01-01,75124
5927,1990-01-01,1674938
8847,1990-01-01,4394734
1313,1990-01-01,4314443
3111,1990-01-01,2689391
1899,1990-01-01,3593700
1612,1990-01-01,1798997
9882,1990-01-01,2209731
9669,1990-01-01,4236983
3125,1990-01-01,28765
9898,1990-01-01,3785847
7830,1990-01-01,381267
3497,1990-01-01,11882762
3592,1990-01-01,9539665
6262,1990-01-01,17517054
2701,1990-01-01,224957
4228,1990-01-01,8945026
3964,1990-01-01,365392
8099,1990-01-01,46047
6596,1990-01-01,374271
2777,1990-01-01,2006027
2792,1990-01-01,1090290
6400,1990-01-01,92659
9800,1990-01-01,81720428
8489,1990-01-01,98603
1367,1990-01-01,4480199
2641,1990-01-01,30329
9877,1990-01-01,2161433
1357,1990-01-01,621442
6446,1990-01-01,10805
3324,1990-01-01,24570814
9850,1990-01-01,13303459
7797,1990-01-01,40099553
2703,1990-01-01,1369011
9288,1990-01-01,9598
3315,1990-01-01,19616530
7531,1990-01-01,14944548
5635,1990-01-01,177264
1811,1990-01-01,3397389
6130,1990-01-01,4227820
1507,1990-01-01,8370647
4777,1990-01-01,95214257
7875,1990-01-01,2533
4718,1990-01-01,20799523
6127,1990-01-01,2044174
1019,1990-01-01,48002
4283,1990-01-01,4241636
2939,1990-01-01,1804524
5946,1990-01-01,115414069
7978,1990-01-01,15293
2232,1990-01-01,2449968
6499,1990-01-01,3864972
8530,1990-01-01,4059195
2693,1990-01-01,22109099
1477,1990-01-01,61558898
7322,1990-01-01,38064255
4885,1990-01-01,10007346
7373,1990-01-01,3543776
3352,1990-01-01,441675
6771,1990-01-01,22836234
6070,1990-01-01,148005704
7426,1990-01-01,7319962
9065,1990-01-01,5168
9260,1990-01-01,142301
7092,1990-01-01,28127
3283,1990-01-01,168186
6251,1990-01-01,23132
7391,1990-01-01,16004763
5951,1990-01-01,7536001
1245,1990-01-01,7987529
3813,1990-01-01,71057
2946,1990-01-01,4325388
7069,1990-01-01,3022209
9088,1990-01-01,27845
3625,1990-01-01,5261305
5516,1990-01-01,1986024
9888,1990-01-01,324171
6544,1990-01-01,6999096
6951,1990-01-01,39877570
7514,1990-01-01,44120039
1955,1990-01-01,4750817
7526,1990-01-01,38889889
7632,1990-01-01,17204094
4452,1990-01-01,21090886
9954,1990-01-01,412756
9171,1990-01-01,8548406
9995,1990-01-01,6711693
9598,1990-01-01,12408996
1623,1990-01-01,20586174
8108,1990-01-01,5417860
5605,1990-01-01,26206012
3514,1990-01-01,55228410
8258,1990-01-01,758106
3763,1990-01-01,3875947
4810,1990-01-01,1669
7376,1990-01-01,98727
4402,1990-01-01,1266518
2097,1990-01-01,8440023
3095,1990-01-01,54324142
6898,1990-01-01,3720278
6928,1990-01-01,9182
3793,1990-01-01,17586630
8670,1990-01-01,51589817
3348,1990-01-01,1900151
8898,1990-01-01,57210442
8163,1990-01-01,248083732
8338,1990-01-01,3117012
7220,1990-01-01,20579100
9145,1990-01-01,150882
4005,1990-01-01,19750579
6369,1990-01-01,66912613
7483,1990-01-01,178529
7872,1990-01-01,13375121
9480,1990-01-01,7686401
2658,1990-01-01,10113893
2050,1995-01-01,16418912
5181,1995-01-01,3284364
4586,1995-01-01,28478022
9350,1995-01-01,53401
9230,1995-01-01,62928
9448,1995-01-01,13912253
5604,1995-01-01,9601
8745,1995-01-01,68398
5231,1995-01-01,34946110
1972,1995-01-01,3322782
8217,1995-01-01,77050
7859,1995-01-01,18002999
5484,1995-01-01,7947296
2557,1995-01-01,7889330
3976,1995-01-01,299554
5160,1995-01-01,612934
3421,1995-01-01,117793338
8963,1995-01-01,262303
4288,1995-01-01,10461696
2934,1995-01-01,10095198
1945,1995-01-01,203556
5854,1995-01-01,6046511
5017,1995-01-01,59465
5833,1995-01-01,527536
8863,1995-01-01,7841471
2086,1995-01-01,3750527
6025,1995-01-01,1543634
5643,1995-01-01,108187610
8750,1995-01-01,17674
1038,1995-01-01,299097
4114,1995-01-01,8477579
3270,1995-01-01,10353263
5785,1995-01-01,5932783
1475,1995-01-01,10919528
2910,1995-01-01,13211647
4227,1995-01-01,29289423
5564,1995-01-01,411382
1710,1995-01-01,32802
1420,1995-01-01,3276706
9053,1995-01-01,6888856
8151,1995-01-01,14416796
4783,1995-01-01,1218144426
8433,1995-01-01,35970101
2225,1995-01-01,483760
1998,1995-01-01,17735
5481,1995-01-01,3572856
9225,1995-01-01,4807100
5830,1995-01-01,10926703
5520,1995-01-01,862418
9936,1995-01-01,5235197
8382,1995-01-01,629619
1484,1995-01-01,69201
4632,1995-01-01,7869753
8990,1995-01-01,11561683
5730,1995-01-01,64166908
8331,1995-01-01,5748195
5493,1995-01-01,560740
1933,1995-01-01,2157220
4556,1995-01-01,1452775
2855,1995-01-01,953573
1077,1995-01-01,57476536
1812,1995-01-01,2735
8902,1995-01-01,43805
2666,1995-01-01,792246
8325,1995-01-01,5107943
2491,1995-01-01,57420354
6137,1995-01-01,137183
1540,1995-01-01,231446
9323,1995-01-01,1121964
1968,1995-01-01,1242155
6192,1995-01-01,4877676
2447,1995-01-01,81123262
1680,1995-01-01,17438874
5059,1995-01-01,27412
7791,1995-01-01,10727927
9550,1995-01-01,55788
1866,1995-01-01,104060
1376,1995-01-01,413935
8106,1995-01-01,150094
8657,1995-01-01,10363090
9599,1995-01-01,7468347
5294,1995-01-01,1117222
2843,1995-01-01,751689
6415,1995-01-01,7627316
1086,1995-01-01,5812832
7703,1995-01-01,6243859
9064,1995-01-01,10327169
7843,1995-01-01,267681
7159,1995-01-01,964279129
3993,1995-01-01,198140162
7987,1995-01-01,60794809
3959,1995-01-01,20948858
7100,1995-01-01,3579482
3808,1995-01-01,71454
9089,1995-01-01,5478734
5288,1995-01-01,56885126
6674,1995-01-01,2509372
6552,1995-01-01,125433969
4363,1995-01-01,4458195
4450,1995-01-01,16434324
3754,1995-01-01,26878347
5939,1995-01-01,81481
5927,1995-01-01,1655222
8847,1995-01-01,4596456
1313,1995-01-01,4927432
3111,1995-01-01,2570151
1899,1995-01-01,3959640
1612,1995-01-01,1934079
9882,1995-01-01,2142422
9669,1995-01-01,4733063
3125,1995-01-01,30890
9898,1995-01-01,3747267
7830,1995-01-01,407635
3497,1995-01-01,13869138
3592,1995-01-01,10112816
6262,1995-01-01,20136888
2701,1995-01-01,258208
4228,1995-01-01,9921094
3964,1995-01-01,381849
8099,1995-01-01,50702
6596,1995-01-01,409942
2777,1995-01-01,2380341
2792,1995-01-01,1160207
6400,1995-01-01,124941
9800,1995-01-01,89969572
8489,1995-01-01,468846
1367,1995-01-01,4461231
2641,1995-01-01,31482
9877,1995-01-01,2330334
1357,1995-01-01,632066
6446,1995-01-01,8342
3324,1995-01-01,26599048
9850,1995-01-01,15594830
7797,1995-01-01,42880186
2703,1995-01-01,1605370
9288,1995-01-01,10316
3315,1995-01-01,22305571
7531,1995-01-01,15446668
5635,1995-01-01,199701
1811,1995-01-01,3673893
6130,1995-01-01,4721929
1507,1995-01-01,9813918
4777,1995-01-01,108187610
7875,1995-01-01,2339
4718,1995-01-01,22385536
6127,1995-01-01,1983964
1019,1995-01-01,48717
4283,1995-01-01,4359333
2939,1995-01-01,2172672
5946,1995-01-01,133117476
7978,1995-01-01,17209
2232,1995-01-01,2716067
6499,1995-01-01,4616439
8530,1995-01-01,4603917
2693,1995-01-01,24449055
1477,1995-01-01,69250468
7322,1995-01-01,38401978
4885,1995-01-01,10051248
7373,1995-01-01,3704947
3352,1995-01-01,515133
6771,1995-01-01,22533134
6070,1995-01-01,148557451
7426,1995-01-01,5686897
9065,1995-01-01,6144
9260,1995-01-01,152348
7092,1995-01-01,29435
3283,1995-01-01,174902
6251,1995-01-01,24886
7391,1995-01-01,18888857
5951,1995-01-01,8632681
1245,1995-01-01,7982462
3813,1995-01-01,74735
2946,1995-01-01,4324149
7069,1995-01-01,3543875
9088,1995-01-01,31596
3625,1995-01-01,5349997
5516,1995-01-01,1991106
9888,1995-01-01,375189
6544,1995-01-01,7210930
6951,1995-01-01,43986084
7514,1995-01-01,45393418
1955,1995-01-01,5302042
7526,1995-01-01,39814573
7632,1995-01-01,18177572
4452,1995-01-01,23290602
9954,1995-01-01,434490
9171,1995-01-01,8758496
9995,1995-01-01,7038297
9598,1995-01-01,14313450
1623,1995-01-01,21455813
8108,1995-01-01,5916173
5605,1995-01-01,30560071
3514,1995-01-01,59424834
8258,1995-01-01,819226
3763,1995-01-01,4279566
4810,1995-01-01,1632
7376,1995-01-01,99977
4402,1995-01-01,1307822
2097,1995-01-01,9294102
3095,1995-01-01,59305490
6898,1995-01-01,4226623
6928,1995-01-01,9585
3793,1995-01-01,20680831
8670,1995-01-01,51061265
3348,1995-01-01,2433988
8898,1995-01-01,57930364
8163,1995-01-01,265660556
8338,1995-01-01,3208300
7220,1995-01-01,23026206
9145,1995-01-01,170612
4005,1995-01-01,22107286
6369,1995-01-01,73759110
7483,1995-01-01,208381
7872,1995-01-01,16103339
9480,1995-01-01,8684135
2658,1995-01-01,10994041
2050,2000-01-01,19542982
5181,2000-01-01,3182021
4586,2000-01-01,30774621
9350,2000-01-01,58230
9230,2000-01-01,66097
9448,2000-01-01,16394062
5604,2000-01-01,11047
8745,2000-01-01,75055
5231,2000-01-01,37070774
1972,2000-01-01,3168523
8217,2000-01-01,89101
7859,2000-01-01,19017963
5484,2000-01-01,8010428
2557,2000-01-01,8190337
3976,2000-01-01,325014
5160,2000-01-01,711442
3421,2000-01-01,129193327
8963,2000-01-01,264657
4288,2000-01-01,10256483
2934,2000-01-01,10264343
1945,2000-01-01,240406
5854,2000-01-01,6998023
5017,2000-01-01,61371
5833,2000-01-01,587207
8863,2000-01-01,8592656
2086,2000-01-01,4179350
6025,2000-01-01,1726985
5643,2000-01-01,175873720
8750,2000-01-01,20104
1038,2000-01-01,333926
4114,2000-01-01,8097691
3270,2000-01-01,11882888
5785,2000-01-01,6307659
1475,2000-01-01,12118841
2910,2000-01-01,15091594
4227,2000-01-01,30683313
5564,2000-01-01,458251
1710,2000-01-01,39658
1420,2000-01-01,3759170
9053,2000-01-01,8259137
8151,2000-01-01,15351799
4783,2000-01-01,1264099069
8433,2000-01-01,39215135
2225,2000-01-01,536758
1998,2000-01-01,15897
5481,2000-01-01,3979193
9225,2000-01-01,4548434
5830,2000-01-01,11105791
5520,2000-01-01,948237
9936,2000-01-01,5340655
8382,2000-01-01,742033
1484,2000-01-01,68346
4632,2000-01-01,8540791
8990,2000-01-01,12626507
5730,2000-01-01,71371371
8331,2000-01-01,5958482
5493,2000-01-01,684977
1933,2000-01-01,2392880
4556,2000-01-01,1396877
2855,2000-01-01,1030496
1077,2000-01-01,67031867
1812,2000-01-01,3080
8902,2000-01-01,45660
2666,2000-01-01,832509
8325,2000-01-01,5176209
2491,2000-01-01,58665453
6137,2000-01-01,164351
1540,2000-01-01,250927
9323,2000-01-01,1272935
1968,2000-01-01,1437539
6192,2000-01-01,4265172
2447,2000-01-01,81551677
1680,2000-01-01,19665502
5059,2000-01-01,27741
7791,2000-01-01,11038109
9550,2000-01-01,56184
1866,2000-01-01,107432
1376,2000-01-01,424067
8106,2000-01-01,160188
8657,2000-01-01,11735894
9599,2000-01-01,8336967
5294,2000-01-01,1230849
2843,2000-01-01,759051
6415,2000-01-01,8360225
1086,2000-01-01,6656725
7703,2000-01-01,6731195
9064,2000-01-01,10202055
7843,2000-01-01,281462
7159,2000-01-01,1059633675
3993,2000-01-01,214072421
7987,2000-01-01,65544383
3959,2000-01-01,24628858
7100,2000-01-01,3768950
3808,2000-01-01,75562
9089,2000-01-01,6116958
5288,2000-01-01,56966397
6674,2000-01-01,2612205
6552,2000-01-01,126803861
4363,2000-01-01,5056174
4450,2000-01-01,15236253
3754,2000-01-01,30851606
5939,2000-01-01,88826
5927,2000-01-01,1934901
8847,2000-01-01,4935182
1313,2000-01-01,5430853
3111,2000-01-01,2392530
1899,2000-01-01,4320642
1612,2000-01-01,1998630
9882,2000-01-01,2895224
9669,2000-01-01,5154790
3125,2000-01-01,33026
9898,2000-01-01,3599637
7830,2000-01-01,435628
3497,2000-01-01,16216431
3592,2000-01-01,11229387
6262,2000-01-01,22945150
2701,2000-01-01,282507
4228,2000-01-01,11239101
3964,2000-01-01,399212
8099,2000-01-01,54224
6596,2000-01-01,432543
2777,2000-01-01,2695003
2792,2000-01-01,1215930
6400,2000-01-01,159215
9800,2000-01-01,97873442
8489,2000-01-01,111709
1367,2000-01-01,4251573
2641,2000-01-01,32465
9877,2000-01-01,2450979
1357,2000-01-01,633324
6446,2000-01-01,5138
3324,2000-01-01,28554415
9850,2000-01-01,17768505
7797,2000-01-01,45538332
2703,2000-01-01,1819141
9288,2000-01-01,10377
3315,2000-01-01,24559500
7531,2000-01-01,15899135
5635,2000-01-01,221537
1811,2000-01-01,3855266
6130,2000-01-01,5123222
1507,2000-01-01,11622665
4777,2000-01-01,122851984
7875,2000-01-01,2074
4718,2000-01-01,23367059
6127,2000-01-01,2037936
1019,2000-01-01,80338
4283,2000-01-01,4491202
2939,2000-01-01,2344253
5946,2000-01-01,154369924
7978,2000-01-01,19726
2232,2000-01-01,3001731
6499,2000-01-01,5508297
8530,2000-01-01,5123819
2693,2000-01-01,26654439
1477,2000-01-01,77958223
7322,2000-01-01,38504431
4885,2000-01-01,10300626
7373,2000-01-01,3827108
3352,2000-01-01,645937
6771,2000-01-01,21919876
6070,2000-01-01,146844839
7426,2000-01-01,8109989
9065,2000-01-01,7082
9260,2000-01-01,159500
7092,2000-01-01,29610
3283,2000-01-01,184008
6251,2000-01-01,26823
7391,2000-01-01,21547390
5951,2000-01-01,9704287
1245,2000-01-01,7935022
3813,2000-01-01,80060
2946,2000-01-01,4584067
7069,2000-01-01,4053602
9088,2000-01-01,30489
3625,2000-01-01,5376690
5516,2000-01-01,1984339
9888,2000-01-01,429978
6544,2000-01-01,8721465
6951,2000-01-01,46813266
7514,2000-01-01,46788591
1955,2000-01-01,6114440
7526,2000-01-01,40741651
7632,2000-01-01,18776371
4452,2000-01-01,26298773
9954,2000-01-01,478998
9171,2000-01-01,8871043
9995,2000-01-01,7182059
9598,2000-01-01,16307654
1623,2000-01-01,22194731
8108,2000-01-01,6272998
5605,2000-01-01,34463704
3514,2000-01-01,63066603
8258,2000-01-01,878360
3763,2000-01-01,5008035
4810,2000-01-01,1666
7376,2000-01-01,102603
4402,2000-01-01,1332203
2097,2000-01-01,9893316
3095,2000-01-01,64113547
6898,2000-01-01,4569132
6928,2000-01-01,9638
3793,2000-01-01,24020697
8670,2000-01-01,48879755
3348,2000-01-01,3275333
8898,2000-01-01,58850043
8163,2000-01-01,282398554
8338,2000-01-01,3292224
7220,2000-01-01,24925554
9145,2000-01-01,192074
4005,2000-01-01,24427729
6369,2000-01-01,79001142
7483,2000-01-01,270375
7872,2000-01-01,18628700
9480,2000-01-01,9891136
2658,2000-01-01,11834676
2050,2005-01-01,24411191
5181,2005-01-01,3032634
4586,2005-01-01,32956690
9350,2005-01-01,57254
9230,2005-01-01,79826
9448,2005-01-01,19450959
5604,2005-01-01,12128
8745,2005-01-01,79869
5231,2005-01-01,39070501
1972,2005-01-01,3047246
8217,2005-01-01,94483
7859,2005-01-01,20171731
5484,2005-01-01,8227034
2557,2005-01-01,8656237
3976,2005-01-01,347804
5160,2005-01-01,901921
3421,2005-01-01,140912590
8963,2005-01-01,269477
4288,2005-01-01,9935163
2934,2005-01-01,10516978
1945,2005-01-01,280375
5854,2005-01-01,8149419
5017,2005-01-01,62959
5833,2005-01-01,663323
8863,2005-01-01,9377388
2086,2005-01-01,4094297
6025,2005-01-01,1892807
5643,2005-01-01,140490722
8750,2005-01-01,23497
1038,2005-01-01,366717
4114,2005-01-01,7815221
3270,2005-01-01,13876127
5785,2005-01-01,7388874
1475,2005-01-01,13246583
2910,2005-01-01,17275171
4227,2005-01-01,32215916
5564,2005-01-01,492827
1710,2005-01-01,46727
1420,2005-01-01,4208834
9053,2005-01-01,10005012
8151,2005-01-01,16175311
4783,2005-01-01,1304887562
8433,2005-01-01,42220940
2225,2005-01-01,592683
1998,2005-01-01,15146
5481,2005-01-01,4315887
9225,2005-01-01,4429681
5830,2005-01-01,11246114
5520,2005-01-01,1037062
9936,2005-01-01,5436313
8382,2005-01-01,830861
1484,2005-01-01,68674
4632,2005-01-01,9164768
8990,2005-01-01,13770012
5730,2005-01-01,79075310
8331,2005-01-01,6037817
5493,2005-01-01,864726
1933,2005-01-01,2831732
4556,2005-01-01,1354662
2855,2005-01-01,1071886
1077,2005-01-01,77469940
1812,2005-01-01,3204
8902,2005-01-01,48291
2666,2005-01-01,874923
8325,2005-01-01,5246071
2491,2005-01-01,60510079
6137,2005-01-01,201259
1540,2005-01-01,271060
9323,2005-01-01,1458353
1968,2005-01-01,1660368
6192,2005-01-01,3961182
2447,2005-01-01,81212168
1680,2005-01-01,22496951
5059,2005-01-01,29155
7791,2005-01-01,11113448
9550,2005-01-01,56887
1866,2005-01-01,110254
1376,2005-01-01,403233
8106,2005-01-01,164430
8657,2005-01-01,13132814
9599,2005-01-01,9140114
5294,2005-01-01,1379713
2843,2005-01-01,759709
6415,2005-01-01,9111900
1086,2005-01-01,7564613
7703,2005-01-01,6936874
9064,2005-01-01,10073525
7843,2005-01-01,297029
7159,2005-01-01,1154638713
3993,2005-01-01,228805144
7987,2005-01-01,70182594
3959,2005-01-01,28698684
7100,2005-01-01,4121216
3808,2005-01-01,79415
9089,2005-01-01,6714124
5288,2005-01-01,58199876
6674,2005-01-01,2676863
6552,2005-01-01,127798373
4363,2005-01-01,5678534
4450,2005-01-01,15656248
3754,2005-01-01,35843010
5939,2005-01-01,98164
5927,2005-01-01,2235403
8847,2005-01-01,5193114
1313,2005-01-01,5852970
3111,2005-01-01,2233157
1899,2005-01-01,4643044
1612,2005-01-01,1977424
9882,2005-01-01,3266318
9669,2005-01-01,5837986
3125,2005-01-01,34603
9898,2005-01-01,3373533
7830,2005-01-01,464860
3497,2005-01-01,18792171
3592,2005-01-01,12755648
6262,2005-01-01,25923536
2701,2005-01-01,307018
4228,2005-01-01,13180551
3964,2005-01-01,410208
8099,2005-01-01,54337
6596,2005-01-01,400370
2777,2005-01-01,3012360
2792,2005-01-01,1258048
6400,2005-01-01,187142
9800,2005-01-01,105442402
8489,2005-01-01,527045
1367,2005-01-01,4001382
2641,2005-01-01,32141
9877,2005-01-01,2559255
1357,2005-01-01,632875
6446,2005-01-01,4693
3324,2005-01-01,30431902
9850,2005-01-01,20211114
7797,2005-01-01,47724471
2703,2005-01-01,1962865
9288,2005-01-01,10318
3315,2005-01-01,26285110
7531,2005-01-01,16261831
5635,2005-01-01,242141
1811,2005-01-01,4132781
6130,2005-01-01,5454678
1507,2005-01-01,13855221
4777,2005-01-01,140490722
7875,2005-01-01,1856
4718,2005-01-01,24100982
6127,2005-01-01,2078662
1019,2005-01-01,69025
4283,2005-01-01,4623689
2939,2005-01-01,2515192
5946,2005-01-01,174372098
7978,2005-01-01,19831
2232,2005-01-01,3305868
6499,2005-01-01,6498818
8530,2005-01-01,5476878
2693,2005-01-01,28147267
1477,2005-01-01,86261250
7322,2005-01-01,38575911
4885,2005-01-01,10523315
7373,2005-01-01,3805559
3352,2005-01-01,848710
6771,2005-01-01,21092264
6070,2005-01-01,143800049
7426,2005-01-01,9026299
9065,2005-01-01,8044
9260,2005-01-01,165386
7092,2005-01-01,33452
3283,2005-01-01,188626
6251,2005-01-01,29508
7391,2005-01-01,24397644
5951,2005-01-01,10974057
1245,2005-01-01,7830944
3813,2005-01-01,85883
2946,2005-01-01,5683334
7069,2005-01-01,4344637
9088,2005-01-01,31494
3625,2005-01-01,5376242
5516,2005-01-01,2004778
9888,2005-01-01,482486
6544,2005-01-01,10467292
6951,2005-01-01,49017147
7514,2005-01-01,47889573
1955,2005-01-01,7662654
7526,2005-01-01,43685374
7632,2005-01-01,19673866
4452,2005-01-01,29540577
9954,2005-01-01,516220
9171,2005-01-01,9051738
9995,2005-01-01,7428435
9598,2005-01-01,18583557
1623,2005-01-01,22796306
8108,2005-01-01,6929145
5605,2005-01-01,39439505
3514,2005-01-01,65821360
8258,2005-01-01,969313
3763,2005-01-01,5711597
4810,2005-01-01,1429
7376,2005-01-01,105633
4402,2005-01-01,1369075
2097,2005-01-01,10388344
3095,2005-01-01,68704715
6898,2005-01-01,4885775
6928,2005-01-01,9912
3793,2005-01-01,27946588
8670,2005-01-01,46912610
3348,2005-01-01,4280993
8898,2005-01-01,60383741
8163,2005-01-01,296842670
8338,2005-01-01,3317665
7220,2005-01-01,26573423
9145,2005-01-01,217632
4005,2005-01-01,26668785
6369,2005-01-01,83142095
7483,2005-01-01,339187
7872,2005-01-01,21320671
9480,2005-01-01,11564870
2658,2005-01-01,12224753
2050,2010-01-01,28189672
5181,2010-01-01,2913399
4586,2010-01-01,35856344
9350,2010-01-01,54849
9230,2010-01-01,71519
9448,2010-01-01,23364185
5604,2010-01-01,13172
8745,2010-01-01,85695
5231,2010-01-01,41100123
1972,2010-01-01,2946293
8217,2010-01-01,100341
7859,2010-01-01,22019168
5484,2010-01-01,8362829
2557,2010-01-01,9237202
3976,2010-01-01,373272
5160,2010-01-01,1213645
3421,2010-01-01,148391139
8963,2010-01-01,274711
4288,2010-01-01,9731427
2934,2010-01-01,10877947
1945,2010-01-01,322106
5854,2010-01-01,9445710
5017,2010-01-01,63447
5833,2010-01-01,705516
8863,2010-01-01,10223270
2086,2010-01-01,3811088
6025,2010-01-01,2091664
5643,2010-01-01,196353492
8750,2010-01-01,27556
1038,2010-01-01,396053
4114,2010-01-01,7592273
3270,2010-01-01,16116845
5785,2010-01-01,9126605
1475,2010-01-01,14363532
2910,2010-01-01,19878036
4227,2010-01-01,33963412
5564,2010-01-01,521212
1710,2010-01-01,54074
1420,2010-01-01,4660067
9053,2010-01-01,11894727
8151,2010-01-01,17004162
4783,2010-01-01,1348191368
8433,2010-01-01,44816108
2225,2010-01-01,656024
1998,2010-01-01,17212
5481,2010-01-01,4622252
9225,2010-01-01,4368682
5830,2010-01-01,11290417
5520,2010-01-01,1129686
9936,2010-01-01,5550849
8382,2010-01-01,919199
1484,2010-01-01,68755
4632,2010-01-01,9775755
8990,2010-01-01,14989585
5730,2010-01-01,87252413
8331,2010-01-01,6114034
5493,2010-01-01,1094524
1933,2010-01-01,3147727
4556,2010-01-01,1331535
2855,2010-01-01,1099920
1077,2010-01-01,89237791
1812,2010-01-01,3187
8902,2010-01-01,48410
2666,2010-01-01,905169
8325,2010-01-01,5363271
2491,2010-01-01,62444567
6137,2010-01-01,228453
1540,2010-01-01,283788
9323,2010-01-01,1711105
1968,2010-01-01,1937275
6192,2010-01-01,3836831
2447,2010-01-01,81325090
1680,2010-01-01,25574719
5059,2010-01-01,31262
7791,2010-01-01,11033783
9550,2010-01-01,56351
1866,2010-01-01,114039
1376,2010-01-01,403072
8106,2010-01-01,164905
8657,2010-01-01,14543121
9599,2010-01-01,10270728
5294,2010-01-01,1567220
2843,2010-01-01,747932
6415,2010-01-01,9842880
1086,2010-01-01,8450933
7703,2010-01-01,7132438
9064,2010-01-01,9986825
7843,2010-01-01,318333
7159,2010-01-01,1240613620
3993,2010-01-01,244016173
7987,2010-01-01,75373855
3959,2010-01-01,31264875
7100,2010-01-01,4524585
3808,2010-01-01,83828
9089,2010-01-01,7328445
5288,2010-01-01,59822450
6674,2010-01-01,2733896
6552,2010-01-01,128105431
4363,2010-01-01,6931258
4450,2010-01-01,16627837
3754,2010-01-01,41517895
5939,2010-01-01,107995
5927,2010-01-01,2943356
8847,2010-01-01,5483774
1313,2010-01-01,6323418
3111,2010-01-01,2101530
1899,2010-01-01,4995800
1612,2010-01-01,2022747
9882,2010-01-01,4019956
9669,2010-01-01,6491988
3125,2010-01-01,35926
9898,2010-01-01,3139019
7830,2010-01-01,507070
3497,2010-01-01,21731053
3592,2010-01-01,14718422
6262,2010-01-01,28717731
2701,2010-01-01,361575
4228,2010-01-01,15529181
3964,2010-01-01,418755
8099,2010-01-01,53416
6596,2010-01-01,392181
2777,2010-01-01,3419461
2792,2010-01-01,1283330
6400,2010-01-01,211786
9800,2010-01-01,112532401
8489,2010-01-01,107588
1367,2010-01-01,3678186
2641,2010-01-01,33178
9877,2010-01-01,2702520
1357,2010-01-01,631044
6446,2010-01-01,4938
3324,2010-01-01,32464865
9850,2010-01-01,23073723
7797,2010-01-01,49390988
2703,2010-01-01,2099271
9288,2010-01-01,10241
3315,2010-01-01,27161567
7531,2010-01-01,16617116
5635,2010-01-01,261426
1811,2010-01-01,4346338
6130,2010-01-01,5855734
1507,2010-01-01,16647543
4777,2010-01-01,160952853
7875,2010-01-01,1812
4718,2010-01-01,24686435
6127,2010-01-01,2093828
1019,2010-01-01,54087
4283,2010-01-01,4889741
2939,2010-01-01,2881914
5946,2010-01-01,194454498
7978,2010-01-01,18540
2232,2010-01-01,3623617
6499,2010-01-01,7583269
8530,2010-01-01,5768613
2693,2010-01-01,29229572
1477,2010-01-01,94636700
7322,2010-01-01,38597353
4885,2010-01-01,10588401
7373,2010-01-01,3717922
3352,2010-01-01,1713504
6771,2010-01-01,20335211
6070,2010-01-01,143242599
7426,2010-01-01,10309031
9065,2010-01-01,8988
9260,2010-01-01,170935
7092,2010-01-01,36458
3283,2010-01-01,194672
6251,2010-01-01,31608
7391,2010-01-01,29411929
5951,2010-01-01,12530121
1245,2010-01-01,7653748
3813,2010-01-01,92409
2946,2010-01-01,6436698
7069,2010-01-01,5163590
9088,2010-01-01,33034
3625,2010-01-01,5396424
5516,2010-01-01,2057286
9888,2010-01-01,540394
6544,2010-01-01,12026649
6951,2010-01-01,51784921
7514,2010-01-01,48813042
1955,2010-01-01,9714419
7526,2010-01-01,46572772
7632,2010-01-01,20668557
4452,2010-01-01,33739933
9954,2010-01-01,546080
9171,2010-01-01,9381729
9995,2010-01-01,7822435
9598,2010-01-01,22337563
1623,2010-01-01,23083083
8108,2010-01-01,7621779
5605,2010-01-01,45110527
3514,2010-01-01,68270489
8258,2010-01-01,1088486
3763,2010-01-01,6571855
4810,2010-01-01,1367
7376,2010-01-01,107383
4402,2010-01-01,1410296
2097,2010-01-01,10895063
3095,2010-01-01,73195345
6898,2010-01-01,5267970
6928,2010-01-01,10550
3793,2010-01-01,32341728
8670,2010-01-01,45683020
3348,2010-01-01,8481771
8898,2010-01-01,62760039
8163,2010-01-01,311182845
8338,2010-01-01,3352651
7220,2010-01-01,28614227
9145,2010-01-01,245453
4005,2010-01-01,28715022
6369,2010-01-01,87411012
7483,2010-01-01,413296
7872,2010-01-01,24743946
9480,2010-01-01,13792086
2658,2010-01-01,12839771
2050,2015-01-01,33753499
5181,2015-01-01,2882481
4586,2015-01-01,39543154
9350,2015-01-01,51368
9230,2015-01-01,71746
9448,2015-01-01,28127721
5604,2015-01-01,14525
8745,2015-01-01,89941
5231,2015-01-01,43257065
1972,2015-01-01,2878595
8217,2015-01-01,104257
7859,2015-01-01,23820236
5484,2015-01-01,8642421
2557,2015-01-01,9863480
3976,2015-01-01,392697
5160,2015-01-01,1362142
3421,2015-01-01,157830000
8963,2015-01-01,278083
4288,2015-01-01,9700609
2934,2015-01-01,11248303
1945,2015-01-01,359871
5854,2015-01-01,10932783
5017,2015-01-01,63144
5833,2015-01-01,743274
8863,2015-01-01,11090085
2086,2015-01-01,3524324
6025,2015-01-01,2305171
5643,2015-01-01,205188205
8750,2015-01-01,29366
1038,2015-01-01,421437
4114,2015-01-01,7309253
3270,2015-01-01,18718019
5785,2015-01-01,10727148
1475,2015-01-01,15417523
2910,2015-01-01,23012646
4227,2015-01-01,35732126
5564,2015-01-01,552166
1710,2015-01-01,60911
1420,2015-01-01,4819333
9053,2015-01-01,14140274
8151,2015-01-01,17870124
4783,2015-01-01,1393715448
8433,2015-01-01,47119728
2225,2015-01-01,730216
1998,2015-01-01,17695
5481,2015-01-01,4895242
9225,2015-01-01,4254815
5830,2015-01-01,11339894
5520,2015-01-01,1187280
9936,2015-01-01,5677796
8382,2015-01-01,1006259
1484,2015-01-01,70007
4632,2015-01-01,10405832
8990,2015-01-01,16195902
5730,2015-01-01,97723799
8331,2015-01-01,6231066
5493,2015-01-01,1346973
1933,2015-01-01,3340006
4556,2015-01-01,1314657
2855,2015-01-01,1133936
1077,2015-01-01,102471895
1812,2015-01-01,3408
8902,2015-01-01,48816
2666,2015-01-01,917200
8325,2015-01-01,5479461
2491,2015-01-01,63809769
6137,2015-01-01,257026
1540,2015-01-01,291787
9323,2015-01-01,2028517
1968,2015-01-01,2253133
6192,2015-01-01,3771132
2447,2015-01-01,82073226
1680,2015-01-01,28870939
5059,2015-01-01,32520
7791,2015-01-01,10806641
9550,2015-01-01,55895
1866,2015-01-01,118980
1376,2015-01-01,399089
8106,2015-01-01,167978
8657,2015-01-01,16001107
9599,2015-01-01,11625998
5294,2015-01-01,1788919
2843,2015-01-01,755031
6415,2015-01-01,10563757
1086,2015-01-01,9294505
7703,2015-01-01,7399838
9064,2015-01-01,9844246
7843,2015-01-01,331060
7159,2015-01-01,1322866505
3993,2015-01-01,259091970
7987,2015-01-01,81790841
3959,2015-01-01,37757813
7100,2015-01-01,4665760
3808,2015-01-01,83593
9089,2015-01-01,8007778
5288,2015-01-01,60232906
6674,2015-01-01,2794445
6552,2015-01-01,127250933
4363,2015-01-01,9494246
4450,2015-01-01,17835909
3754,2015-01-01,46851488
5939,2015-01-01,116707
5927,2015-01-01,3908743
8847,2015-01-01,5914980
1313,2015-01-01,6787419
3111,2015-01-01,1991955
1899,2015-01-01,6398940
1612,2015-01-01,2118521
9882,2015-01-01,4612329
9669,2015-01-01,6192235
3125,2015-01-01,37355
9898,2015-01-01,2963765
7830,2015-01-01,569408
3497,2015-01-01,24850912
3592,2015-01-01,16938942
6262,2015-01-01,31068833
2701,2015-01-01,435582
4228,2015-01-01,18112907
3964,2015-01-01,456579
8099,2015-01-01,49410
6596,2015-01-01,383515
2777,2015-01-01,3946220
2792,2015-01-01,1293153
6400,2015-01-01,249545
9800,2015-01-01,120149897
8489,2015-01-01,109462
1367,2015-01-01,3277388
2641,2015-01-01,36760
9877,2015-01-01,2964749
1357,2015-01-01,633966
6446,2015-01-01,5059
3324,2015-01-01,34680458
9850,2015-01-01,26843246
7797,2015-01-01,51483949
2703,2015-01-01,2282704
9288,2015-01-01,11185
3315,2015-01-01,27610325
7531,2015-01-01,17041107
5635,2015-01-01,283032
1811,2015-01-01,4590590
6130,2015-01-01,6298598
1507,2015-01-01,20128124
4777,2015-01-01,183995785
7875,2015-01-01,1847
4718,2015-01-01,25258015
6127,2015-01-01,2107962
1019,2015-01-01,51514
4283,2015-01-01,5190356
2939,2015-01-01,4191776
5946,2015-01-01,210969298
7978,2015-01-01,17794
2232,2015-01-01,3957099
6499,2015-01-01,8682174
8530,2015-01-01,6177950
2693,2015-01-01,30711863
1477,2015-01-01,103031365
7322,2015-01-01,38553146
4885,2015-01-01,10365435
7373,2015-01-01,3497335
3352,2015-01-01,2414573
6771,2015-01-01,19906079
6070,2015-01-01,144668389
7426,2015-01-01,11642959
9065,2015-01-01,9643
9260,2015-01-01,175623
7092,2015-01-01,35020
3283,2015-01-01,203571
6251,2015-01-01,33570
7391,2015-01-01,32749848
5951,2015-01-01,14356181
1245,2015-01-01,7519496
3813,2015-01-01,99240
2946,2015-01-01,7314773
7069,2015-01-01,5650018
9088,2015-01-01,40205
3625,2015-01-01,5424444
5516,2015-01-01,2080862
9888,2015-01-01,612660
6544,2015-01-01,13763906
6951,2015-01-01,55876504
7514,2015-01-01,50994401
1955,2015-01-01,11194299
7526,2015-01-01,46431342
7632,2015-01-01,21336697
4452,2015-01-01,38171178
9954,2015-01-01,575475
9171,2015-01-01,9849349
9995,2015-01-01,8281732
9598,2015-01-01,19205178
1623,2015-01-01,23512136
8108,2015-01-01,8524063
5605,2015-01-01,52542823
3514,2015-01-01,70294397
8258,2015-01-01,1205813
3763,2015-01-01,7473229
4810,2015-01-01,1454
7376,2015-01-01,106122
4402,2015-01-01,1460177
2097,2015-01-01,11557779
3095,2015-01-01,79646178
6898,2015-01-01,5766431
6928,2015-01-01,10877
3793,2015-01-01,37477356
8670,2015-01-01,44982564
3348,2015-01-01,8916899
8898,2015-01-01,65224364
8163,2015-01-01,324607776
8338,2015-01-01,3402818
7220,2015-01-01,30949417
9145,2015-01-01,276438
4005,2015-01-01,30529716
6369,2015-01-01,92191398
7483,2015-01-01,491824
7872,2015-01-01,28516545
9480,2015-01-01,16248230
2658,2015-01-01,14154937
2050,2020-01-01,38972230
5181,2020-01-01,2866849
4586,2020-01-01,43451666
9350,2020-01-01,46189
9230,2020-01-01,77700
9448,2020-01-01,33428485
5604,2020-01-01,15585
8745,2020-01-01,92664
5231,2020-01-01,45036032
1972,2020-01-01,2805608
8217,2020-01-01,106585
7859,2020-01-01,25670051
5484,2020-01-01,8907777
2557,2020-01-01,10284951
3976,2020-01-01,406471
5160,2020-01-01,1477469
3421,2020-01-01,167420951
8963,2020-01-01,280693
4288,2020-01-01,9633740
2934,2020-01-01,11561717
1945,2020-01-01,394921
5854,2020-01-01,12643123
5017,2020-01-01,64031
5833,2020-01-01,772506
8863,2020-01-01,11936162
2086,2020-01-01,3318407
6025,2020-01-01,2546402
5643,2020-01-01,213196304
8750,2020-01-01,30910
1038,2020-01-01,441725
4114,2020-01-01,6979175
3270,2020-01-01,21522626
5785,2020-01-01,12220227
1475,2020-01-01,16396860
2910,2020-01-01,26491087
4227,2020-01-01,37888705
5564,2020-01-01,582640
1710,2020-01-01,67311
1420,2020-01-01,5343020
9053,2020-01-01,16644701
8151,2020-01-01,19300315
4783,2020-01-01,1424929781
8433,2020-01-01,50930662
2225,2020-01-01,806166
1998,2020-01-01,17029
5481,2020-01-01,5123105
9225,2020-01-01,4096868
5830,2020-01-01,11300698
5520,2020-01-01,1237537
9936,2020-01-01,5825641
8382,2020-01-01,1090156
1484,2020-01-01,71995
4632,2020-01-01,10999664
8990,2020-01-01,17588595
5730,2020-01-01,107465134
8331,2020-01-01,6292731
5493,2020-01-01,1596049
1933,2020-01-01,3555868
4556,2020-01-01,1329444
2855,2020-01-01,1180655
1077,2020-01-01,117190911
1812,2020-01-01,3747
8902,2020-01-01,52415
2666,2020-01-01,920422
8325,2020-01-01,5529468
2491,2020-01-01,64480053
6137,2020-01-01,290969
1540,2020-01-01,301920
9323,2020-01-01,2292573
1968,2020-01-01,2573995
6192,2020-01-01,3765912
2447,2020-01-01,83328988
1680,2020-01-01,32180401
5059,2020-01-01,32709
7791,2020-01-01,10512232
9550,2020-01-01,56026
1866,2020-01-01,123663
1376,2020-01-01,395642
8106,2020-01-01,169231
8657,2020-01-01,17362718
9599,2020-01-01,13205153
5294,2020-01-01,2015828
2843,2020-01-01,797202
6415,2020-01-01,11306801
1086,2020-01-01,10121763
7703,2020-01-01,7500958
9064,2020-01-01,9750573
7843,2020-01-01,366669
7159,2020-01-01,1396387127
3993,2020-01-01,271857970
7987,2020-01-01,87290193
3959,2020-01-01,42556984
7100,2020-01-01,4946119
3808,2020-01-01,84046
9089,2020-01-01,8757489
5288,2020-01-01,59500579
6674,2020-01-01,2820436
6552,2020-01-01,125244761
4363,2020-01-01,10928721
4450,2020-01-01,18979243
3754,2020-01-01,51985780
5939,2020-01-01,126463
5927,2020-01-01,4360444
8847,2020-01-01,6424874
1313,2020-01-01,7319399
3111,2020-01-01,1897052
1899,2020-01-01,5662923
1612,2020-01-01,2254100
9882,2020-01-01,5087584
9669,2020-01-01,6653942
3125,2020-01-01,38756
9898,2020-01-01,2820267
7830,2020-01-01,630399
3497,2020-01-01,28225177
3592,2020-01-01,19377061
6262,2020-01-01,33199993
2701,2020-01-01,514438
4228,2020-01-01,21224040
3964,2020-01-01,515357
8099,2020-01-01,43413
6596,2020-01-01,370391
2777,2020-01-01,4498604
2792,2020-01-01,1297828
6400,2020-01-01,305587
9800,2020-01-01,125998302
8489,2020-01-01,112106
1367,2020-01-01,3084847
2641,2020-01-01,36922
9877,2020-01-01,3294335
1357,2020-01-01,629048
6446,2020-01-01,4500
3324,2020-01-01,36688772
9850,2020-01-01,31178239
7797,2020-01-01,53423198
2703,2020-01-01,2489098
9288,2020-01-01,12315
3315,2020-01-01,29348627
7531,2020-01-01,17434557
5635,2020-01-01,286403
1811,2020-01-01,5061133
6130,2020-01-01,6755895
1507,2020-01-01,24333639
4777,2020-01-01,208327405
7875,2020-01-01,1942
4718,2020-01-01,25867467
6127,2020-01-01,2111072
1019,2020-01-01,49587
4283,2020-01-01,5379839
2939,2020-01-01,4543399
5946,2020-01-01,227196741
7978,2020-01-01,17972
2232,2020-01-01,4294396
6499,2020-01-01,9749640
8530,2020-01-01,6618695
2693,2020-01-01,33304756
1477,2020-01-01,112190977
7322,2020-01-01,38428366
4885,2020-01-01,10298192
7373,2020-01-01,3271564
3352,2020-01-01,2760385
6771,2020-01-01,19442038
6070,2020-01-01,145617329
7426,2020-01-01,13146362
9065,2020-01-01,10681
9260,2020-01-01,179237
7092,2020-01-01,32552
3283,2020-01-01,214929
6251,2020-01-01,34007
7391,2020-01-01,35997107
5951,2020-01-01,16436119
1245,2020-01-01,7358005
3813,2020-01-01,105530
2946,2020-01-01,8233969
7069,2020-01-01,5909869
9088,2020-01-01,43621
3625,2020-01-01,5456681
5516,2020-01-01,2117641
9888,2020-01-01,691191
6544,2020-01-01,16537016
6951,2020-01-01,58801927
7514,2020-01-01,51844690
1955,2020-01-01,10606227
7526,2020-01-01,47363807
7632,2020-01-01,21715079
4452,2020-01-01,44440486
9954,2020-01-01,607065
9171,2020-01-01,10368969
9995,2020-01-01,8638613
9598,2020-01-01,20772595
1623,2020-01-01,23821464
8108,2020-01-01,9543207
5605,2020-01-01,61704518
3514,2020-01-01,71475664
8258,2020-01-01,1299995
3763,2020-01-01,8442580
4810,2020-01-01,1827
7376,2020-01-01,105254
4402,2020-01-01,1518147
2097,2020-01-01,12161723
3095,2020-01-01,84135428
6898,2020-01-01,6250438
6928,2020-01-01,11069
3793,2020-01-01,44404611
8670,2020-01-01,43909666
3348,2020-01-01,9287289
8898,2020-01-01,67059474
8163,2020-01-01,335942003
8338,2020-01-01,3429086
7220,2020-01-01,33526656
9145,2020-01-01,311685
4005,2020-01-01,28490453
6369,2020-01-01,96648685
7483,2020-01-01,556048
7872,2020-01-01,32284046
9480,2020-01-01,18927715
2658,2020-01-01,15669666
