country_id,Date,Population
2050,01.01.1950,7480461
5181,01.01.1950,1252582
4586,01.01.1950,9019866
9350,01.01.1950,19032
9230,01.01.1950,6005
9448,01.01.1950,4478184
5604,01.01.1950,5017
8745,01.01.1950,45435
5231,01.01.1950,17017742
1972,01.01.1950,1385041
8217,01.01.1950,38797
7859,01.01.1950,8177167
5484,01.01.1950,6936440
2557,01.01.1950,3158966
3976,01.01.1950,81644
5160,01.01.1950,117149
3421,01.01.1950,39728535
8963,01.01.1950,210548
4288,01.01.1950,7906860
2934,01.01.1950,8617344
1945,01.01.1950,69116
5854,01.01.1950,2264452
5017,01.01.1950,37142
5833,01.01.1950,176367
8863,01.01.1950,3089843
2086,01.01.1950,2692907
6025,01.01.1950,413481
5643,01.01.1950,37189369
8750,01.01.1950,7358
1038,01.01.1950,48269
4114,01.01.1950,7157632
3270,01.01.1950,4213757
5785,01.01.1950,2254113
1475,01.01.1950,4380380
2910,01.01.1950,4315816
4227,01.01.1950,13743069
5564,01.01.1950,184999
1710,01.01.1950,6912
1420,01.01.1950,1436591
9053,01.01.1950,2512688
8151,01.01.1950,6623645
4783,01.01.1950,543979233
8433,01.01.1950,11769748
2225,01.01.1950,161814
1998,01.01.1950,14683
5481,01.01.1950,948487
9225,01.01.1950,3864691
5830,01.01.1950,5926645
5520,01.01.1950,493956
9936,01.01.1950,4267694
8382,01.01.1950,62334
1484,01.01.1950,50188
4632,01.01.1950,2381740
8990,01.01.1950,3518733
5730,01.01.1950,21150058
8331,01.01.1950,2182409
5493,01.01.1950,226381
1933,01.01.1950,822576
4556,01.01.1950,1102078
2855,01.01.1950,271642
1077,01.01.1950,17709951
1812,01.01.1950,2191
8902,01.01.1950,31655
2666,01.01.1950,308308
8325,01.01.1950,4008289
2491,01.01.1950,41842355
6137,01.01.1950,23398
1540,01.01.1950,64535
9323,01.01.1950,472905
1968,01.01.1950,306781
6192,01.01.1950,3517264
2447,01.01.1950,70964095
1680,01.01.1950,5077596
5059,01.01.1950,21402
7791,01.01.1950,7669099
9550,01.01.1950,23119
1866,01.01.1950,77020
1376,01.01.1950,215261
8106,01.01.1950,60991
8657,01.01.1950,3099869
9599,01.01.1950,2983557
5294,01.01.1950,543413
2843,01.01.1950,417719
6415,01.01.1950,3247231
1086,01.01.1950,1557932
7703,01.01.1950,1980524
9064,01.01.1950,9337714
7843,01.01.1950,142650
7159,01.01.1950,357021100
3993,01.01.1950,69567619
7987,01.01.1950,16832834
3959,01.01.1950,5656471
7100,01.01.1950,2906599
3808,01.01.1950,54813
9089,01.01.1950,1284157
5288,01.01.1950,46391938
6674,01.01.1950,1407470
6552,01.01.1950,84353049
4363,01.01.1950,438386
4450,01.01.1950,6655675
3754,01.01.1950,5774050
5939,01.01.1950,37846
5927,01.01.1950,153738
8847,01.01.1950,1751225
1313,01.01.1950,1684674
3111,01.01.1950,1922525
1899,01.01.1950,1349588
1612,01.01.1950,579470
9882,01.01.1950,915894
9669,01.01.1950,1130677
3125,01.01.1950,13765
9898,01.01.1950,2564798
7830,01.01.1950,296584
3497,01.01.1950,3953896
3592,01.01.1950,2949739
6262,01.01.1950,5972876
2701,01.01.1950,74484
4228,01.01.1950,4694916
3964,01.01.1950,291873
8099,01.01.1950,13066
6596,01.01.1950,231994
2777,01.01.1950,658555
2792,01.01.1950,525443
6400,01.01.1950,20544
9800,01.01.1950,27600133
8489,01.01.1950,161656
1367,01.01.1950,2370311
2641,01.01.1950,19729
9877,01.01.1950,781260
1357,01.01.1950,402260
6446,01.01.1950,12989
3324,01.01.1950,8946209
9850,01.01.1950,5920215
7797,01.01.1950,17731818
2703,01.01.1950,514774
9288,01.01.1950,3354
3315,01.01.1950,8398945
7531,01.01.1950,10093554
5635,01.01.1950,63860
1811,01.01.1950,1911608
6130,01.01.1950,1330442
1507,01.01.1950,2569191
4777,01.01.1950,37189369
7875,01.01.1950,4485
4718,01.01.1950,11103379
6127,01.01.1950,1251433
1019,01.01.1950,7063
4283,01.01.1950,3281416
2939,01.01.1950,457317
5946,01.01.1950,37696264
7978,01.01.1950,7430
2232,01.01.1950,861079
6499,01.01.1950,1542854
8530,01.01.1950,1504810
2693,01.01.1950,7678967
1477,01.01.1950,18469878
7322,01.01.1950,24786236
4885,01.01.1950,8416952
7373,01.01.1950,2229742
3352,01.01.1950,24288
6771,01.01.1950,16392971
6070,01.01.1950,102580107
7426,01.01.1950,2154218
9065,01.01.1950,2007
9260,01.01.1950,86695
7092,01.01.1950,2978
3283,01.01.1950,87951
6251,01.01.1950,12963
7391,01.01.1950,3089693
5951,01.01.1950,2496065
1245,01.01.1950,6017683
3813,01.01.1950,38106
2946,01.01.1950,2000790
7069,01.01.1950,1006701
9088,01.01.1950,1458
3625,01.01.1950,3465617
5516,01.01.1950,1445033
9888,01.01.1950,105209
6544,01.01.1950,2213052
6951,01.01.1950,13043844
7514,01.01.1950,20104010
1955,01.01.1950,2492077
7526,01.01.1950,28069694
7632,01.01.1950,7945977
4452,01.01.1950,6191323
9954,01.01.1950,195765
9171,01.01.1950,7014610
9995,01.01.1950,4692639
9598,01.01.1950,3543537
1623,01.01.1950,7623130
8108,01.01.1950,1526140
5605,01.01.1950,7632399
3514,01.01.1950,20411638
8258,01.01.1950,414791
3763,01.01.1950,1398525
4810,01.01.1950,1599
7376,01.01.1950,49830
4402,01.01.1950,648616
2097,01.01.1950,3606288
3095,01.01.1950,20977697
6898,01.01.1950,1214096
6928,01.01.1950,4732
3793,01.01.1950,5750637
8670,01.01.1950,37302996
3348,01.01.1950,74591
8898,01.01.1950,50055065
8163,01.01.1950,148281550
8338,01.01.1950,2234144
7220,01.01.1950,6247550
9145,01.01.1950,51568
4005,01.01.1950,5488614
6369,01.01.1950,25109200
7483,01.01.1950,12982
7872,01.01.1950,4712810
9480,01.01.1950,2318448
2658,01.01.1950,2791326
2050,01.01.1955,7971931
5181,01.01.1955,1453730
4586,01.01.1955,10242288
9350,01.01.1955,19826
9230,01.01.1955,6116
9448,01.01.1955,4938118
5604,01.01.1955,5752
8745,01.01.1955,50264
5231,01.01.1955,18700686
1972,01.01.1955,1604376
8217,01.01.1955,46464
7859,01.01.1955,9209844
5484,01.01.1955,6946260
2557,01.01.1955,3550017
3976,01.01.1955,92444
5160,01.01.1955,134865
3421,01.01.1955,44315548
8963,01.01.1955,227320
4288,01.01.1955,7976356
2934,01.01.1955,8834526
1945,01.01.1955,79986
5854,01.01.1955,2360081
5017,01.01.1955,39136
5833,01.01.1955,196014
8863,01.01.1955,3357923
2086,01.01.1955,2958430
6025,01.01.1955,461880
5643,01.01.1955,40839223
8750,01.01.1955,7516
1038,01.01.1955,64267
4114,01.01.1955,7517922
3270,01.01.1955,4472824
5785,01.01.1955,2495193
1475,01.01.1955,4931224
2910,01.01.1955,4670538
4227,01.01.1955,15733923
5564,01.01.1955,195389
1710,01.01.1955,8129
1420,01.01.1955,1545898
9053,01.01.1955,2756169
8151,01.01.1955,7323194
4783,01.01.1955,603320147
8433,01.01.1955,13512612
2225,01.01.1955,177885
1998,01.01.1955,16129
5481,01.01.1955,1123982
9225,01.01.1955,4049659
5830,01.01.1955,6559586
5520,01.01.1955,534125
9936,01.01.1955,4426508
8382,01.01.1955,72997
1484,01.01.1955,51895
4632,01.01.1955,2791108
8990,01.01.1955,4022378
5730,01.01.1955,23841701
8331,01.01.1955,2448633
5493,01.01.1955,245800
1933,01.01.1955,895009
4556,01.01.1955,1168276
2855,01.01.1955,307078
1077,01.01.1955,19703738
1812,01.01.1955,2187
8902,01.01.1955,32127
2666,01.01.1955,343693
8325,01.01.1955,4235413
2491,01.01.1955,43593851
6137,01.01.1955,25456
1540,01.01.1955,74475
9323,01.01.1955,489459
1968,01.01.1955,349374
6192,01.01.1955,3738231
2447,01.01.1955,71222628
1680,01.01.1955,5887163
5059,01.01.1955,21541
7791,01.01.1955,8146022
9550,01.01.1955,26295
1866,01.01.1955,82656
1376,01.01.1955,242576
8106,01.01.1955,65977
8657,01.01.1955,3560239
9599,01.01.1955,3234056
5294,01.01.1955,563713
2843,01.01.1955,483316
6415,01.01.1955,3545999
1086,01.01.1955,1796527
7703,01.01.1955,2490487
9064,01.01.1955,9823331
7843,01.01.1955,157735
7159,01.01.1955,398577992
3993,01.01.1955,77741502
7987,01.01.1955,18873864
3959,01.01.1955,6405686
7100,01.01.1955,2886368
3808,01.01.1955,52283
9089,01.01.1955,1564960
5288,01.01.1955,48130728
6674,01.01.1955,1552883
6552,01.01.1955,90090281
4363,01.01.1955,622010
4450,01.01.1955,7858733
3754,01.01.1955,6558870
5939,01.01.1955,42008
5927,01.01.1955,183458
8847,01.01.1955,1944992
1313,01.01.1955,1893389
3111,01.01.1955,2032505
1899,01.01.1955,1556327
1612,01.01.1955,641361
9882,01.01.1955,1013790
9669,01.01.1955,1225687
3125,01.01.1955,14945
9898,01.01.1955,2699051
7830,01.01.1955,305514
3497,01.01.1955,4467590
3592,01.01.1955,3240318
6262,01.01.1955,6786077
2701,01.01.1955,81823
4228,01.01.1955,5014680
3964,01.01.1955,323596
8099,01.01.1955,14062
6596,01.01.1955,262164
2777,01.01.1955,738577
2792,01.01.1955,596866
6400,01.01.1955,22942
9800,01.01.1955,31452141
8489,01.01.1955,178572
1367,01.01.1955,2714714
2641,01.01.1955,20430
9877,01.01.1955,844997
1357,01.01.1955,441379
6446,01.01.1955,13432
3324,01.01.1955,10242168
9850,01.01.1955,6318904
7797,01.01.1955,19522788
2703,01.01.1955,547430
9288,01.01.1955,3818
3315,01.01.1955,9284895
7531,01.01.1955,10767906
5635,01.01.1955,69989
1811,01.01.1955,2140976
6130,01.01.1955,1539551
1507,01.01.1955,3018555
4777,01.01.1955,40839223
7875,01.01.1955,4673
4718,01.01.1955,10360269
6127,01.01.1955,1379140
1019,01.01.1955,7635
4283,01.01.1955,3429090
2939,01.01.1955,492416
5946,01.01.1955,41023128
7978,01.01.1955,8252
2232,01.01.1955,980004
6499,01.01.1955,1734921
8530,01.01.1955,1685747
2693,01.01.1955,8825897
1477,01.01.1955,23027910
7322,01.01.1955,27099199
4885,01.01.1955,8665451
7373,01.01.1955,2309782
3352,01.01.1955,28668
6771,01.01.1955,17455291
6070,01.01.1955,110971852
7426,01.01.1955,2537919
9065,01.01.1955,2130
9260,01.01.1955,88463
7092,01.01.1955,3538
3283,01.01.1955,98037
6251,01.01.1955,13967
7391,01.01.1955,3581910
5951,01.01.1955,2847262
1245,01.01.1955,6348547
3813,01.01.1955,39788
2946,01.01.1955,2135644
7069,01.01.1955,1267611
9088,01.01.1955,1973
3625,01.01.1955,3796626
5516,01.01.1955,1521772
9888,01.01.1955,117314
6544,01.01.1955,2529910
6951,01.01.1955,14594129
7514,01.01.1955,22075008
1955,01.01.1955,2695349
7526,01.01.1955,29095374
7632,01.01.1955,8749627
4452,01.01.1955,7193065
9954,01.01.1955,227145
9171,01.01.1955,7264351
9995,01.01.1955,5002410
9598,01.01.1955,3989101
1623,01.01.1955,9229462
8108,01.01.1955,1805209
5605,01.01.1955,8725576
3514,01.01.1955,23173970
8258,01.01.1955,437426
3763,01.01.1955,1518825
4810,01.01.1955,1629
7376,01.01.1955,58024
4402,01.01.1955,742576
2097,01.01.1955,3975544
3095,01.01.1955,23821353
6898,01.01.1955,1363507
6928,01.01.1955,5195
3793,01.01.1955,6601785
8670,01.01.1955,39836510
3348,01.01.1955,101803
8898,01.01.1955,51193266
8163,01.01.1955,161136449
8338,01.01.1955,2366209
7220,01.01.1955,7141923
9145,01.01.1955,56770
4005,01.01.1955,6752139
6369,01.01.1955,28263031
7483,01.01.1955,20690
7872,01.01.1955,5091603
9480,01.01.1955,2677209
2658,01.01.1955,3263625
2050,01.01.1960,8622466
5181,01.01.1960,1711189
4586,01.01.1960,11394307
9350,01.01.1960,20085
9230,01.01.1960,9443
9448,01.01.1960,5357195
5604,01.01.1960,5752
8745,01.01.1960,55342
5231,01.01.1960,20349744
1972,01.01.1960,1904148
8217,01.01.1960,54608
7859,01.01.1960,10286647
5484,01.01.1960,7046553
2557,01.01.1960,4131484
3976,01.01.1960,114500
5160,01.01.1960,160691
3421,01.01.1960,50396429
8963,01.01.1960,232550
4288,01.01.1960,8389183
2934,01.01.1960,9108724
1945,01.01.1960,91403
5854,01.01.1960,2512284
5017,01.01.1960,42026
5833,01.01.1960,221266
8863,01.01.1960,3707515
2086,01.01.1960,3262539
6025,01.01.1960,512865
5643,01.01.1960,44928342
8750,01.01.1960,7850
1038,01.01.1960,85346
4114,01.01.1960,7891756
3270,01.01.1960,4783259
5785,01.01.1960,2746628
1475,01.01.1960,5541676
2910,01.01.1960,5117608
4227,01.01.1960,17909356
5564,01.01.1960,209849
1710,01.01.1960,8473
1420,01.01.1960,1679728
9053,01.01.1960,3028688
8151,01.01.1960,8141820
4783,01.01.1960,654170692
8433,01.01.1960,15687688
2225,01.01.1960,194852
1998,01.01.1960,17631
5481,01.01.1960,1346302
9225,01.01.1960,4215324
5830,01.01.1960,7267395
5520,01.01.1960,585725
9936,01.01.1960,4581727
8382,01.01.1960,85940
1484,01.01.1960,59379
4632,01.01.1960,3298021
8990,01.01.1960,4618158
5730,01.01.1960,27034499
8331,01.01.1960,2779327
5493,01.01.1960,267351
1933,01.01.1960,993568
4556,01.01.1960,1218064
2855,01.01.1960,345065
1077,01.01.1960,21739710
1812,01.01.1960,2265
8902,01.01.1960,34154
2666,01.01.1960,401841
8325,01.01.1960,4430173
2491,01.01.1960,45659575
6137,01.01.1960,31125
1540,01.01.1960,84851
9323,01.01.1960,513340
1968,01.01.1960,399649
6192,01.01.1960,4051492
2447,01.01.1960,73063695
1680,01.01.1960,6911510
5059,01.01.1960,21822
7791,01.01.1960,8495415
9550,01.01.1960,32124
1866,01.01.1960,93772
1376,01.01.1960,276976
8106,01.01.1960,72374
8657,01.01.1960,4098352
9599,01.01.1960,3516814
5294,01.01.1960,577933
2843,01.01.1960,571990
6415,01.01.1960,3901139
1086,01.01.1960,2078617
7703,01.01.1960,3114671
9064,01.01.1960,9982610
7843,01.01.1960,175566
7159,01.01.1960,445954579
3993,01.01.1960,88382881
7987,01.01.1960,21388806
3959,01.01.1960,7084678
7100,01.01.1960,2811067
3808,01.01.1960,48793
9089,01.01.1960,1902247
5288,01.01.1960,49517707
6674,01.01.1960,1642331
6552,01.01.1960,94464839
4363,01.01.1960,847936
4450,01.01.1960,9319283
3754,01.01.1960,7751435
5939,01.01.1960,47093
5927,01.01.1960,305415
8847,01.01.1960,2216530
1313,01.01.1960,2122532
3111,01.01.1960,2154251
1899,01.01.1960,1798092
1612,01.01.1960,737838
9882,01.01.1960,1137026
9669,01.01.1960,1426986
3125,01.01.1960,16472
9898,01.01.1960,2875684
7830,01.01.1960,314168
3497,01.01.1960,5073342
3592,01.01.1960,3621081
6262,01.01.1960,7833782
2701,01.01.1960,91650
4228,01.01.1960,5346792
3964,01.01.1960,337628
8099,01.01.1960,15374
6596,01.01.1960,290092
2777,01.01.1960,838478
2792,01.01.1960,676683
6400,01.01.1960,26165
9800,01.01.1960,36268055
8489,01.01.1960,200558
1367,01.01.1960,3133267
2641,01.01.1960,21797
9877,01.01.1960,977903
1357,01.01.1960,473046
6446,01.01.1960,12100
3324,01.01.1960,11769774
9850,01.01.1960,6788375
7797,01.01.1960,21720697
2703,01.01.1960,590181
9288,01.01.1960,4582
3315,01.01.1960,10167941
7531,01.01.1960,11493117
5635,01.01.1960,81236
1811,01.01.1960,2381189
6130,01.01.1960,1789684
1507,01.01.1960,3497431
4777,01.01.1960,44928342
7875,01.01.1960,4876
4718,01.01.1960,11655666
6127,01.01.1960,1462368
1019,01.01.1960,8702
4283,01.01.1960,3581520
2939,01.01.1960,536553
5946,01.01.1960,45954226
7978,01.01.1960,9446
2232,01.01.1960,1126989
6499,01.01.1960,1985666
8530,01.01.1960,1894829
2693,01.01.1960,10172207
1477,01.01.1960,28486871
7322,01.01.1960,29509903
4885,01.01.1960,8882469
7373,01.01.1960,2365072
3352,01.01.1960,36385
6771,01.01.1960,18458008
6070,01.01.1960,119735095
7426,01.01.1960,2966162
9065,01.01.1960,2193
9260,01.01.1960,91614
7092,01.01.1960,4135
3283,01.01.1960,113335
6251,01.01.1960,15556
7391,01.01.1960,4165563
5951,01.01.1960,3273177
1245,01.01.1960,6579989
3813,01.01.1960,43167
2946,01.01.1960,2301310
7069,01.01.1960,1601079
9088,01.01.1960,2646
3625,01.01.1960,4124239
5516,01.01.1960,1599571
9888,01.01.1960,133440
6544,01.01.1960,2870732
6951,01.01.1960,16520441
7514,01.01.1960,25817529
1955,01.01.1960,2907724
7526,01.01.1960,30415591
7632,01.01.1960,9783871
4452,01.01.1960,8326462
9954,01.01.1960,268396
9171,01.01.1960,7492895
9995,01.01.1960,5328273
9598,01.01.1960,4610712
1623,01.01.1960,10983147
8108,01.01.1960,2131992
5605,01.01.1960,10042458
3514,01.01.1960,26596584
8258,01.01.1960,468573
3763,01.01.1960,1651367
4810,01.01.1960,1795
7376,01.01.1960,67428
4402,01.01.1960,847063
2097,01.01.1960,4195467
3095,01.01.1960,27510980
6898,01.01.1960,1602052
6928,01.01.1960,5404
3793,01.01.1960,7617746
8670,01.01.1960,42767251
3348,01.01.1960,133426
8898,01.01.1960,52543017
8163,01.01.1960,176188578
8338,01.01.1960,2529021
7220,01.01.1960,8372311
9145,01.01.1960,64608
4005,01.01.1960,8156937
6369,01.01.1960,32718461
7483,01.01.1960,33023
7872,01.01.1960,5542459
9480,01.01.1960,3119430
2658,01.01.1960,3806310
2050,01.01.1965,9565147
5181,01.01.1965,2009789
4586,01.01.1965,12381256
9350,01.01.1965,23391
9230,01.01.1965,13563
9448,01.01.1965,5736582
5604,01.01.1965,6018
8745,01.01.1965,59644
5231,01.01.1965,22053661
1972,01.01.1965,2234051
8217,01.01.1965,58782
7859,01.01.1965,11359442
5484,01.01.1965,7269888
2557,01.01.1965,4837811
3976,01.01.1965,144849
5160,01.01.1965,193012
3421,01.01.1965,58500159
8963,01.01.1965,237694
4288,01.01.1965,8854528
2934,01.01.1965,9412087
1945,01.01.1965,104838
5854,01.01.1965,2735843
5017,01.01.1965,47074
5833,01.01.1965,255010
8863,01.01.1965,4115511
2086,01.01.1965,3565517
6025,01.01.1965,570975
5643,01.01.1965,49925799
8750,01.01.1965,8018
1038,01.01.1965,107686
4114,01.01.1965,8245072
3270,01.01.1965,5157929
5785,01.01.1965,3118134
1475,01.01.1965,6170727
2910,01.01.1965,5690086
4227,01.01.1965,19688805
5564,01.01.1965,244156
1710,01.01.1965,9366
1420,01.01.1965,1849171
9053,01.01.1965,3336338
8151,01.01.1965,8994936
4783,01.01.1965,723846349
8433,01.01.1965,18275814
2225,01.01.1965,214939
1998,01.01.1965,18767
5481,01.01.1965,1602736
9225,01.01.1965,4371381
5830,01.01.1965,8067651
5520,01.01.1965,617345
9936,01.01.1965,4756337
8382,01.01.1965,108772
1484,01.01.1965,63744
4632,01.01.1965,3868712
8990,01.01.1965,5337351
5730,01.01.1965,30818469
8331,01.01.1965,3179506
5493,01.01.1965,295010
1933,01.01.1965,1121739
4556,01.01.1965,1292004
2855,01.01.1965,388317
1077,01.01.1965,24727506
1812,01.01.1965,2308
8902,01.01.1965,36346
2666,01.01.1965,469010
8325,01.01.1965,4564583
2491,01.01.1965,48168804
6137,01.01.1965,38946
1540,01.01.1965,98674
9323,01.01.1965,547535
1968,01.01.1965,458908
6192,01.01.1965,4418592
2447,01.01.1965,76037469
1680,01.01.1965,7827726
5059,01.01.1965,23910
7791,01.01.1965,8526254
9550,01.01.1965,38539
1866,01.01.1965,98226
1376,01.01.1965,303438
8106,01.01.1965,80255
8657,01.01.1965,4744461
9599,01.01.1965,3845074
5294,01.01.1965,577638
2843,01.01.1965,650207
6415,01.01.1965,4274348
1086,01.01.1965,2403465
7703,01.01.1965,3602029
9064,01.01.1965,10140853
7843,01.01.1965,192309
7159,01.01.1965,500114346
3993,01.01.1965,101157868
7987,01.01.1965,24667026
3959,01.01.1965,8270544
7100,01.01.1965,2852401
3808,01.01.1965,50057
9089,01.01.1965,2361088
5288,01.01.1965,51452854
6674,01.01.1965,1746977
6552,01.01.1965,99468746
4363,01.01.1965,1093474
4450,01.01.1965,10897644
3754,01.01.1965,9417207
5939,01.01.1965,53444
5927,01.01.1965,513840
8847,01.01.1965,2615167
1313,01.01.1965,2379456
3111,01.01.1965,2287805
1899,01.01.1965,2087445
1612,01.01.1965,860220
9882,01.01.1965,1287315
9669,01.01.1965,1700072
3125,01.01.1965,18500
9898,01.01.1965,3052979
7830,01.01.1965,329794
3497,01.01.1965,5780453
3592,01.01.1965,4089097
6262,01.01.1965,9091016
2701,01.01.1965,104566
4228,01.01.1965,5726382
3964,01.01.1965,326401
8099,01.01.1965,18154
6596,01.01.1965,313791
2777,01.01.1965,965621
2792,01.01.1965,758628
6400,01.01.1965,30165
9800,01.01.1965,42737991
8489,01.01.1965,229207
1367,01.01.1965,3476796
2641,01.01.1965,23022
9877,01.01.1965,1134072
1357,01.01.1965,503188
6446,01.01.1965,11725
3324,01.01.1965,13381880
9850,01.01.1965,7524154
7797,01.01.1965,24286878
2703,01.01.1965,657887
9288,01.01.1965,5804
3315,01.01.1965,11232951
7531,01.01.1965,12275791
5635,01.01.1965,94803
1811,01.01.1965,2638316
6130,01.01.1965,2084097
1507,01.01.1965,4053524
4777,01.01.1965,49925799
7875,01.01.1965,5316
4718,01.01.1965,13105946
6127,01.01.1965,1547982
1019,01.01.1965,10229
4283,01.01.1965,3723510
2939,01.01.1965,593808
5946,01.01.1965,51841626
7978,01.01.1965,10563
2232,01.01.1965,1310556
6499,01.01.1965,2222178
8530,01.01.1965,2143153
2693,01.01.1965,11781581
1477,01.01.1965,32805538
7322,01.01.1965,31224081
4885,01.01.1965,8899092
7373,01.01.1965,2564270
3352,01.01.1965,64843
6771,01.01.1965,19117072
6070,01.01.1965,126400607
7426,01.01.1965,3348631
9065,01.01.1965,2346
9260,01.01.1965,97024
7092,01.01.1965,4832
3283,01.01.1965,129789
6251,01.01.1965,17273
7391,01.01.1965,4978922
5951,01.01.1965,3770874
1245,01.01.1965,6902989
3813,01.01.1965,48123
2946,01.01.1965,2520576
7069,01.01.1965,1860651
9088,01.01.1965,4161
3625,01.01.1965,4363511
5516,01.01.1965,1669453
9888,01.01.1965,151495
6544,01.01.1965,3267593
6951,01.01.1965,19187194
7514,01.01.1965,29179407
1955,01.01.1965,3143622
7526,01.01.1965,32112015
7632,01.01.1965,11035224
4452,01.01.1965,9712785
9954,01.01.1965,321069
9171,01.01.1965,7755752
9995,01.01.1965,5857047
9598,01.01.1965,5368451
1623,01.01.1965,13070708
8108,01.01.1965,2538295
5605,01.01.1965,11630603
3514,01.01.1965,30940270
8258,01.01.1965,507477
3763,01.01.1965,1820396
4810,01.01.1965,1896
7376,01.01.1965,77686
4402,01.01.1965,928462
2097,01.01.1965,4457282
3095,01.01.1965,31374536
6898,01.01.1965,1897095
6928,01.01.1965,5548
3793,01.01.1965,8829056
8670,01.01.1965,45387091
3348,01.01.1965,173797
8898,01.01.1965,54229565
8163,01.01.1965,189703283
8338,01.01.1965,2680427
7220,01.01.1965,10130096
9145,01.01.1965,74677
4005,01.01.1965,9688138
6369,01.01.1965,37466077
7483,01.01.1965,51206
7872,01.01.1965,6097298
9480,01.01.1965,3658024
2658,01.01.1965,4447149
2050,01.01.1970,10752971
5181,01.01.1970,2324731
4586,01.01.1970,13795915
9350,01.01.1970,27075
9230,01.01.1970,19860
9448,01.01.1970,6029700
5604,01.01.1970,6283
8745,01.01.1970,64516
5231,01.01.1970,23842803
1972,01.01.1970,2534377
8217,01.01.1970,59106
7859,01.01.1970,12595034
5484,01.01.1970,7465301
2557,01.01.1970,5425317
3976,01.01.1970,179129
5160,01.01.1970,222555
3421,01.01.1970,67541860
8963,01.01.1970,241397
4288,01.01.1970,9170786
2934,01.01.1970,9629376
1945,01.01.1970,120905
5854,01.01.1970,3023443
5017,01.01.1970,52019
5833,01.01.1970,298894
8863,01.01.1970,4585693
2086,01.01.1970,3815561
6025,01.01.1970,592244
5643,01.01.1970,96369875
8750,01.01.1970,9581
1038,01.01.1970,133343
4114,01.01.1970,8582950
3270,01.01.1970,5611666
5785,01.01.1970,3497834
1475,01.01.1970,6708525
2910,01.01.1970,6452787
4227,01.01.1970,21434577
5564,01.01.1970,287262
1710,01.01.1970,10533
1420,01.01.1970,2067356
9053,01.01.1970,3667394
8151,01.01.1970,9820481
4783,01.01.1970,822534450
8433,01.01.1970,20905254
2225,01.01.1970,242351
1998,01.01.1970,20470
5481,01.01.1970,1855697
9225,01.01.1970,4492638
5830,01.01.1970,8869636
5520,01.01.1970,640804
9936,01.01.1970,4922963
8382,01.01.1970,144379
1484,01.01.1970,68895
4632,01.01.1970,4475871
8990,01.01.1970,6172215
5730,01.01.1970,34781986
8331,01.01.1970,3619090
5493,01.01.1970,316955
1933,01.01.1970,1272748
4556,01.01.1970,1361999
2855,01.01.1970,442865
1077,01.01.1970,28308246
1812,01.01.1970,2274
8902,01.01.1970,38416
2666,01.01.1970,527634
8325,01.01.1970,4606621
2491,01.01.1970,50523586
6137,01.01.1970,46484
1540,01.01.1970,117891
9323,01.01.1970,597192
1968,01.01.1970,528731
6192,01.01.1970,4800426
2447,01.01.1970,78294583
1680,01.01.1970,8861895
5059,01.01.1970,26685
7791,01.01.1970,8544873
9550,01.01.1970,45434
1866,01.01.1970,98794
1376,01.01.1970,318310
8106,01.01.1970,88300
8657,01.01.1970,5453208
9599,01.01.1970,4222374
5294,01.01.1970,591663
2843,01.01.1970,705261
6415,01.01.1970,4680812
1086,01.01.1970,2782753
7703,01.01.1970,3955072
9064,01.01.1970,10315366
7843,01.01.1970,204468
7159,01.01.1970,557501301
3993,01.01.1970,115228394
7987,01.01.1970,28449705
3959,01.01.1970,9811347
7100,01.01.1970,2937637
3808,01.01.1970,55298
9089,01.01.1970,2907307
5288,01.01.1970,53324036
6674,01.01.1970,1859091
6552,01.01.1970,105416839
4363,01.01.1970,1557374
4450,01.01.1970,12265305
3754,01.01.1970,11473087
5939,01.01.1970,57437
5927,01.01.1970,802786
8847,01.01.1970,3016384
1313,01.01.1970,2675283
3111,01.01.1970,2397414
1899,01.01.1970,2381791
1612,01.01.1970,1023481
9882,01.01.1970,1463563
9669,01.01.1970,1909177
3125,01.01.1970,21089
9898,01.01.1970,3210147
7830,01.01.1970,339342
3497,01.01.1970,6639751
3592,01.01.1970,4625141
6262,01.01.1970,10306508
2701,01.01.1970,123243
4228,01.01.1970,6153587
3964,01.01.1970,315414
8099,01.01.1970,23969
6596,01.01.1970,326428
2777,01.01.1970,1122198
2792,01.01.1970,830115
6400,01.01.1970,35383
9800,01.01.1970,50289306
8489,01.01.1970,58989
1367,01.01.1970,3711140
2641,01.01.1970,24270
9877,01.01.1970,1293880
1357,01.01.1970,530268
6446,01.01.1970,11402
3324,01.01.1970,15274351
9850,01.01.1970,8411676
7797,01.01.1970,27284112
2703,01.01.1970,754467
9288,01.01.1970,6663
3315,01.01.1970,12501285
7531,01.01.1970,13037686
5635,01.01.1970,110982
1811,01.01.1970,2824061
6130,01.01.1970,2444767
1507,01.01.1970,4669708
4777,01.01.1970,55569264
7875,01.01.1970,5185
4718,01.01.1970,14996879
6127,01.01.1970,1656783
1019,01.01.1970,10143
4283,01.01.1970,3875546
2939,01.01.1970,670693
5946,01.01.1970,59290872
7978,01.01.1970,11366
2232,01.01.1970,1516188
6499,01.01.1970,2489059
8530,01.01.1970,2408787
2693,01.01.1970,13562371
1477,01.01.1970,37435586
7322,01.01.1970,32482943
4885,01.01.1970,8683631
7373,01.01.1970,2737619
3352,01.01.1970,118007
6771,01.01.1970,19922618
6070,01.01.1970,130093010
7426,01.01.1970,3896367
9065,01.01.1970,2417
9260,01.01.1970,103090
7092,01.01.1970,5802
3283,01.01.1970,142771
6251,01.01.1970,18169
7391,01.01.1970,6106191
5951,01.01.1970,4367744
1245,01.01.1970,7193533
3813,01.01.1970,54379
2946,01.01.1970,2778557
7069,01.01.1970,2061831
9088,01.01.1970,6260
3625,01.01.1970,4522867
5516,01.01.1970,1741286
9888,01.01.1970,172833
6544,01.01.1970,3720977
6951,01.01.1970,22368306
7514,01.01.1970,32601143
1955,01.01.1970,3342410
7526,01.01.1970,33792617
7632,01.01.1970,12388769
4452,01.01.1970,11305206
9954,01.01.1970,379918
9171,01.01.1970,8027702
9995,01.01.1970,6181227
9598,01.01.1970,6319199
1623,01.01.1970,14957870
8108,01.01.1970,2993019
5605,01.01.1970,13618192
3514,01.01.1970,35791728
8258,01.01.1970,554021
3763,01.01.1970,2197383
4810,01.01.1970,1714
7376,01.01.1970,86484
4402,01.01.1970,988890
2097,01.01.1970,5047404
3095,01.01.1970,35540990
6898,01.01.1970,2201432
6928,01.01.1970,5814
3793,01.01.1970,10317212
8670,01.01.1970,47279086
3348,01.01.1970,298084
8898,01.01.1970,55650166
8163,01.01.1970,200328340
8338,01.01.1970,2790265
7220,01.01.1970,12011361
9145,01.01.1970,87019
4005,01.01.1970,11355475
6369,01.01.1970,41928849
7483,01.01.1970,76371
7872,01.01.1970,6843607
9480,01.01.1970,4281671
2658,01.01.1970,5202918
2050,01.01.1975,12157386
5181,01.01.1975,2650122
4586,01.01.1975,15724692
9350,01.01.1975,29573
9230,01.01.1975,27640
9448,01.01.1975,7032713
5604,01.01.1975,6463
8745,01.01.1975,64035
5231,01.01.1975,25875558
1972,01.01.1975,2830798
8217,01.01.1975,60715
7859,01.01.1975,13886854
5484,01.01.1975,7576926
2557,01.01.1975,5925012
3976,01.01.1975,201881
5160,01.01.1975,285116
3421,01.01.1975,74700345
8963,01.01.1975,247090
4288,01.01.1975,9500738
2934,01.01.1975,9763430
1945,01.01.1975,130801
5854,01.01.1975,3378703
5017,01.01.1975,53256
5833,01.01.1975,352269
8863,01.01.1975,5127776
2086,01.01.1975,4022090
6025,01.01.1975,727930
5643,01.01.1975,62851312
8750,01.01.1975,10282
1038,01.01.1975,159653
4114,01.01.1975,8860971
3270,01.01.1975,6138444
5785,01.01.1975,3749232
1475,01.01.1975,6727922
2910,01.01.1975,7397417
4227,01.01.1975,23136252
5564,01.01.1975,304375
1710,01.01.1975,13791
1420,01.01.1975,2283927
9053,01.01.1975,4084110
8151,01.01.1975,10639531
4783,01.01.1975,915124661
8433,01.01.1975,23403731
2225,01.01.1975,280036
1998,01.01.1975,18863
5481,01.01.1975,2111850
9225,01.01.1975,4579428
5830,01.01.1975,9514305
5520,01.01.1975,644982
9936,01.01.1975,5058203
8382,01.01.1975,208582
1484,01.01.1975,71300
4632,01.01.1975,5106453
8990,01.01.1975,7105786
5730,01.01.1975,38775584
8331,01.01.1975,4076751
5493,01.01.1975,283262
1933,01.01.1975,1450867
4556,01.01.1975,1424044
2855,01.01.1975,509535
1077,01.01.1975,32252783
1812,01.01.1975,2280
8902,01.01.1975,40626
2666,01.01.1975,575804
8325,01.01.1975,4711368
2491,01.01.1975,52450030
6137,01.01.1975,54347
1540,01.01.1975,139833
9323,01.01.1975,663340
1968,01.01.1975,612909
6192,01.01.1975,4970320
2447,01.01.1975,78513511
1680,01.01.1975,10209848
5059,01.01.1975,27973
7791,01.01.1975,8805415
9550,01.01.1975,49151
1866,01.01.1975,97165
1376,01.01.1975,324878
8106,01.01.1975,99478
8657,01.01.1975,6201734
9599,01.01.1975,4588006
5294,01.01.1975,659635
2843,01.01.1975,745590
6415,01.01.1975,5124560
1086,01.01.1975,3231631
7703,01.01.1975,4451220
9064,01.01.1975,10520237
7843,01.01.1975,218070
7159,01.01.1975,623524219
3993,01.01.1975,131213215
7987,01.01.1975,32856976
3959,01.01.1975,11617622
7100,01.01.1975,3157919
3808,01.01.1975,59949
9089,01.01.1975,3388086
5288,01.01.1975,55093989
6674,01.01.1975,2003094
6552,01.01.1975,112411640
4363,01.01.1975,1886636
4450,01.01.1975,13158942
3754,01.01.1975,13651908
5939,01.01.1975,60675
5927,01.01.1975,1095998
8847,01.01.1975,3353850
1313,01.01.1975,3012720
3111,01.01.1975,2492528
1899,01.01.1975,2691586
1612,01.01.1975,1216180
9882,01.01.1975,1671632
9669,01.01.1975,2291841
3125,01.01.1975,23030
9898,01.01.1975,3368287
7830,01.01.1975,353666
3497,01.01.1975,7720859
3592,01.01.1975,5280965
6262,01.01.1975,11617947
2701,01.01.1975,143126
4228,01.01.1975,6687293
3964,01.01.1975,319619
8099,01.01.1975,27047
6596,01.01.1975,328795
2777,01.01.1975,1302436
2792,01.01.1975,888292
6400,01.01.1975,42097
9800,01.01.1975,58691882
8489,01.01.1975,289396
1367,01.01.1975,3913586
2641,01.01.1975,25524
9877,01.01.1975,1485691
1357,01.01.1975,559279
6446,01.01.1975,11533
3324,01.01.1975,17325325
9850,01.01.1975,9703732
7797,01.01.1975,30344276
2703,01.01.1975,876572
9288,01.01.1975,7199
3315,01.01.1975,13925541
7531,01.01.1975,13663969
5635,01.01.1975,136601
1811,01.01.1975,3095428
6130,01.01.1975,2857461
1507,01.01.1975,5339497
4777,01.01.1975,62851312
7875,01.01.1975,4270
4718,01.01.1975,16723252
6127,01.01.1975,1774013
1019,01.01.1975,15269
4283,01.01.1975,4007466
2939,01.01.1975,787194
5946,01.01.1975,68126999
7978,01.01.1975,12607
2232,01.01.1975,1734876
6499,01.01.1975,2794462
8530,01.01.1975,2714664
2693,01.01.1975,15441497
1477,01.01.1975,42394433
7322,01.01.1975,33899770
4885,01.01.1975,9202709
7373,01.01.1975,2972267
3352,01.01.1975,195043
6771,01.01.1975,21167265
6070,01.01.1975,133841842
7426,01.01.1975,4515756
9065,01.01.1975,2575
9260,01.01.1975,111497
7092,01.01.1975,6656
3283,01.01.1975,155263
6251,01.01.1975,19803
7391,01.01.1975,7897544
5951,01.01.1975,5047922
1245,01.01.1975,7479833
3813,01.01.1975,60943
2946,01.01.1975,3055916
7069,01.01.1975,2232425
9088,01.01.1975,8906
3625,01.01.1975,4737059
5516,01.01.1975,1817044
9888,01.01.1975,197853
6544,01.01.1975,4228289
6951,01.01.1975,25777964
7514,01.01.1975,35930694
1955,01.01.1975,3718279
7526,01.01.1975,35760431
7632,01.01.1975,13662873
4452,01.01.1975,13497543
9954,01.01.1975,392137
9171,01.01.1975,8224408
9995,01.01.1975,6338267
9598,01.01.1975,7497126
1623,01.01.1975,16551774
8108,01.01.1975,3482125
5605,01.01.1975,16243826
3514,01.01.1975,40908471
8258,01.01.1975,600126
3763,01.01.1975,2509713
4810,01.01.1975,1621
7376,01.01.1975,93477
4402,01.01.1975,1054017
2097,01.01.1975,5769074
3095,01.01.1975,39673590
6898,01.01.1975,2525760
6928,01.01.1975,6381
3793,01.01.1975,11730959
8670,01.01.1975,48892187
3348,01.01.1975,543394
8898,01.01.1975,56266842
8163,01.01.1975,211274535
8338,01.01.1975,2871947
7220,01.01.1975,13894347
9145,01.01.1975,102010
4005,01.01.1975,13176387
6369,01.01.1975,46969616
7483,01.01.1975,66865
7872,01.01.1975,7855657
9480,01.01.1975,4931249
2658,01.01.1975,6097083
2050,01.01.1980,12486631
5181,01.01.1980,2941651
4586,01.01.1980,18739378
9350,01.01.1980,32886
9230,01.01.1980,35611
9448,01.01.1980,8330047
5604,01.01.1980,6560
8745,01.01.1980,64888
5231,01.01.1980,28024803
1972,01.01.1980,3135123
8217,01.01.1980,62267
7859,01.01.1980,14706322
5484,01.01.1980,7547561
2557,01.01.1980,6383060
3976,01.01.1980,223752
5160,01.01.1980,362595
3421,01.01.1980,83929765
8963,01.01.1980,253575
4288,01.01.1980,9817257
2934,01.01.1980,9828986
1945,01.01.1980,145133
5854,01.01.1980,3833939
5017,01.01.1980,53565
5833,01.01.1980,415257
8863,01.01.1980,5736088
2086,01.01.1980,4199820
6025,01.01.1980,938578
5643,01.01.1980,122288383
8750,01.01.1980,11109
1038,01.01.1980,187921
4114,01.01.1980,8980606
3270,01.01.1980,6932967
5785,01.01.1980,4312834
1475,01.01.1980,6198959
2910,01.01.1980,8519891
4227,01.01.1980,24511510
5564,01.01.1980,317234
1710,01.01.1980,17100
1420,01.01.1980,2415276
9053,01.01.1980,4408230
8151,01.01.1980,11469828
4783,01.01.1980,982372466
8433,01.01.1980,26176195
2225,01.01.1980,328328
1998,01.01.1980,17651
5481,01.01.1980,2414303
9225,01.01.1980,4680144
5830,01.01.1980,9809107
5520,01.01.1980,679327
9936,01.01.1980,5125392
8382,01.01.1980,324121
1484,01.01.1980,72978
4632,01.01.1980,5755800
8990,01.01.1980,8135845
5730,01.01.1980,43748556
8331,01.01.1980,4508992
5493,01.01.1980,282509
1933,01.01.1980,1657982
4556,01.01.1980,1476983
2855,01.01.1980,598564
1077,01.01.1980,34945469
1812,01.01.1980,2240
8902,01.01.1980,43054
2666,01.01.1980,644582
8325,01.01.1980,4779418
2491,01.01.1980,53713830
6137,01.01.1980,66825
1540,01.01.1980,163591
9323,01.01.1980,749078
1968,01.01.1980,718586
6192,01.01.1980,5145843
2447,01.01.1980,77786703
1680,01.01.1980,11865246
5059,01.01.1980,28734
7791,01.01.1980,9307148
9550,01.01.1980,50106
1866,01.01.1980,94838
1376,01.01.1980,334234
8106,01.01.1980,110286
8657,01.01.1980,6987767
9599,01.01.1980,4972609
5294,01.01.1980,831462
2843,01.01.1980,778176
6415,01.01.1980,5646676
1086,01.01.1980,3777990
7703,01.01.1980,4978544
9064,01.01.1980,10698679
7843,01.01.1980,228263
7159,01.01.1980,696828385
3993,01.01.1980,148177096
7987,01.01.1980,38520664
3959,01.01.1980,13653369
7100,01.01.1980,3391387
3808,01.01.1980,64022
9089,01.01.1980,3744608
5288,01.01.1980,56329482
6674,01.01.1980,2135546
6552,01.01.1980,117624196
4363,01.01.1980,2216903
4450,01.01.1980,14172710
3754,01.01.1980,16187124
5939,01.01.1980,60813
5927,01.01.1980,1493870
8847,01.01.1980,3691209
1313,01.01.1980,3297519
3111,01.01.1980,2572037
1899,01.01.1980,2963702
1612,01.01.1980,1407672
9882,01.01.1980,1932169
9669,01.01.1980,2962720
3125,01.01.1980,25003
9898,01.01.1980,3521206
7830,01.01.1980,363741
3497,01.01.1980,8948162
3592,01.01.1980,6267369
6262,01.01.1980,13215707
2701,01.01.1980,164887
4228,01.01.1980,7372581
3964,01.01.1980,333587
8099,01.01.1980,31988
6596,01.01.1980,333786
2777,01.01.1980,1506694
2792,01.01.1980,954865
6400,01.01.1980,52233
9800,01.01.1980,67705186
8489,01.01.1980,76299
1367,01.01.1980,4103240
2641,01.01.1980,27076
9877,01.01.1980,1697780
1357,01.01.1980,589324
6446,01.01.1980,11452
3324,01.01.1980,19678444
9850,01.01.1980,11413587
7797,01.01.1980,33465781
2703,01.01.1980,975994
9288,01.01.1980,7635
3315,01.01.1980,15600442
7531,01.01.1980,14130387
5635,01.01.1980,148599
1811,01.01.1980,3147168
6130,01.01.1980,3303309
1507,01.01.1980,6173177
4777,01.01.1980,72951439
7875,01.01.1980,3637
4718,01.01.1980,17973650
6127,01.01.1980,1907023
1019,01.01.1980,17613
4283,01.01.1980,4085776
2939,01.01.1980,1017462
5946,01.01.1980,80624057
7978,01.01.1980,12252
2232,01.01.1980,1956987
6499,01.01.1980,3104788
8530,01.01.1980,3078912
2693,01.01.1980,17492406
1477,01.01.1980,48419546
7322,01.01.1980,35521429
4885,01.01.1980,9785252
7373,01.01.1980,3214568
3352,01.01.1980,277450
6771,01.01.1980,22125224
6070,01.01.1980,138257420
7426,01.01.1980,5247532
9065,01.01.1980,2983
9260,01.01.1980,121633
7092,01.01.1980,7776
3283,01.01.1980,164905
6251,01.01.1980,21346
7391,01.01.1980,10171710
5951,01.01.1980,5703869
1245,01.01.1980,7777010
3813,01.01.1980,65290
2946,01.01.1980,3367477
7069,01.01.1980,2400729
9088,01.01.1980,12243
3625,01.01.1980,4973883
5516,01.01.1980,1901570
9888,01.01.1980,233668
6544,01.01.1980,5892224
6951,01.01.1980,29463549
7514,01.01.1980,38170501
1955,01.01.1980,4192011
7526,01.01.1980,37491666
7632,01.01.1980,14943645
4452,01.01.1980,16673586
9954,01.01.1980,375112
9171,01.01.1980,8311763
9995,01.01.1980,6319113
9598,01.01.1980,8898954
1623,01.01.1980,18100281
8108,01.01.1980,4045965
5605,01.01.1980,19297659
3514,01.01.1980,45737753
8258,01.01.1980,642224
3763,01.01.1980,2838110
4810,01.01.1980,1647
7376,01.01.1980,96708
4402,01.01.1980,1127852
2097,01.01.1980,6578156
3095,01.01.1980,44089069
6898,01.01.1980,2862903
6928,01.01.1980,7731
3793,01.01.1980,13284026
8670,01.01.1980,49973920
3348,01.01.1980,1014048
8898,01.01.1980,56326328
8163,01.01.1980,223140018
8338,01.01.1980,2953750
7220,01.01.1980,15947129
9145,01.01.1980,118156
4005,01.01.1980,15210443
6369,01.01.1980,52968270
7483,01.01.1980,116775
7872,01.01.1980,9204938
9480,01.01.1980,5720438
2658,01.01.1980,7049926
2050,01.01.1985,10512221
5181,01.01.1985,3171725
4586,01.01.1985,22132905
9350,01.01.1985,39663
9230,01.01.1985,43809
9448,01.01.1985,9970621
5604,01.01.1985,6907
8745,01.01.1985,65048
5231,01.01.1985,30287112
1972,01.01.1985,3300896
8217,01.01.1985,64478
7859,01.01.1985,15785682
5484,01.01.1985,7562114
2557,01.01.1985,6891140
3976,01.01.1985,245935
5160,01.01.1985,434375
3421,01.01.1985,95959099
8963,01.01.1985,257911
4288,01.01.1985,10133211
2934,01.01.1985,9880534
1945,01.01.1985,163436
5854,01.01.1985,4419552
5017,01.01.1985,55611
5833,01.01.1985,484528
8863,01.01.1985,6385630
2086,01.01.1985,4383306
6025,01.01.1985,1138704
5643,01.01.1985,83585251
8750,01.01.1985,13202
1038,01.01.1985,222119
4114,01.01.1985,8917076
3270,01.01.1985,7979185
5785,01.01.1985,4948024
1475,01.01.1985,7376090
2910,01.01.1985,9804254
4227,01.01.1985,25843922
5564,01.01.1985,339874
1710,01.01.1985,21313
1420,01.01.1985,2553075
9053,01.01.1985,4967590
8151,01.01.1985,12326396
4783,01.01.1985,1060239979
8433,01.01.1985,29326260
2225,01.01.1985,375650
1998,01.01.1985,16657
5481,01.01.1985,2771463
9225,01.01.1985,4803325
5830,01.01.1985,10149044
5520,01.01.1985,731664
9936,01.01.1985,5119452
8382,01.01.1985,400709
1484,01.01.1985,71596
4632,01.01.1985,6417798
8990,01.01.1985,9254311
5730,01.01.1985,50035843
8331,01.01.1985,4876757
5493,01.01.1985,378379
1933,01.01.1985,1899243
4556,01.01.1985,1525782
2855,01.01.1985,702400
1077,01.01.1985,40285965
1812,01.01.1985,2232
8902,01.01.1985,45575
2666,01.01.1985,727461
8325,01.01.1985,4902175
2491,01.01.1985,55108106
6137,01.01.1985,86931
1540,01.01.1985,187578
9323,01.01.1985,856482
1968,01.01.1985,855958
6192,01.01.1985,5338867
2447,01.01.1985,77638808
1680,01.01.1985,13651443
5059,01.01.1985,28674
7791,01.01.1985,9840141
9550,01.01.1985,53220
1866,01.01.1985,100576
1376,01.01.1985,357844
8106,01.01.1985,124675
8657,01.01.1985,7932185
9599,01.01.1985,5531661
5294,01.01.1985,900088
2843,01.01.1985,772671
6415,01.01.1985,6245539
1086,01.01.1985,4387693
7703,01.01.1985,5411680
9064,01.01.1985,10542754
7843,01.01.1985,241577
7159,01.01.1985,780242084
3993,01.01.1985,165791694
7987,01.01.1985,47266160
3959,01.01.1985,15753856
7100,01.01.1985,3505769
3808,01.01.1985,64376
9089,01.01.1985,4182681
5288,01.01.1985,56636465
6674,01.01.1985,2292030
6552,01.01.1985,121119031
4363,01.01.1985,2751492
4450,01.01.1985,15413315
3754,01.01.1985,19452161
5939,01.01.1985,66708
5927,01.01.1985,1888975
8847,01.01.1985,4064852
1313,01.01.1985,3741604
3111,01.01.1985,2655104
1899,01.01.1985,3226750
1612,01.01.1985,1616697
9882,01.01.1985,2239724
9669,01.01.1985,3684313
3125,01.01.1985,26785
9898,01.01.1985,3672852
7830,01.01.1985,366466
3497,01.01.1985,10297746
3592,01.01.1985,7625078
6262,01.01.1985,15108135
2701,01.01.1985,190383
4228,01.01.1985,8187651
3964,01.01.1985,349118
8099,01.01.1985,38962
6596,01.01.1985,348728
2777,01.01.1985,1746265
2792,01.01.1985,1025769
6400,01.01.1985,68287
9800,01.01.1985,74872006
8489,01.01.1985,372310
1367,01.01.1985,4300695
2641,01.01.1985,28807
9877,01.01.1985,1919744
1357,01.01.1985,604622
6446,01.01.1985,11113
3324,01.01.1985,22335077
9850,01.01.1985,12680065
7797,01.01.1985,36881020
2703,01.01.1985,1093311
9288,01.01.1985,8313
3315,01.01.1985,17540571
7531,01.01.1985,14515704
5635,01.01.1985,159702
1811,01.01.1985,3268356
6130,01.01.1985,3763034
1507,01.01.1985,7187618
4777,01.01.1985,83585251
7875,01.01.1985,2848
4718,01.01.1985,19325487
6127,01.01.1985,2001504
1019,01.01.1985,32041
4283,01.01.1985,4152637
2939,01.01.1985,1353289
5946,01.01.1985,97121552
7978,01.01.1985,13644
2232,01.01.1985,2197065
6499,01.01.1985,3447579
8530,01.01.1985,3535498
2693,01.01.1985,19746610
1477,01.01.1985,54812660
7322,01.01.1985,37179160
4885,01.01.1985,9996896
7373,01.01.1985,3406279
3352,01.01.1985,365868
6771,01.01.1985,22525363
6070,01.01.1985,142896392
7426,01.01.1985,6266752
9065,01.01.1985,4016
9260,01.01.1985,132751
7092,01.01.1985,15714
3283,01.01.1985,166517
6251,01.01.1985,22241
7391,01.01.1985,12890245
5951,01.01.1985,6520705
1245,01.01.1985,7912069
3813,01.01.1985,67833
2946,01.01.1985,3749419
7069,01.01.1985,2685994
9088,01.01.1985,19064
3625,01.01.1985,5146571
5516,01.01.1985,1952518
9888,01.01.1985,277158
6544,01.01.1985,6630637
6951,01.01.1985,33752964
7514,01.01.1985,41232709
1955,01.01.1985,4706975
7526,01.01.1985,38471920
7632,01.01.1985,16092338
4452,01.01.1985,19517196
9954,01.01.1985,387171
9171,01.01.1985,8389913
9995,01.01.1985,6469824
9598,01.01.1985,10540926
1623,01.01.1985,19511876
8108,01.01.1985,4660598
5605,01.01.1985,22569625
3514,01.01.1985,50594940
8258,01.01.1985,682109
3763,01.01.1985,3336508
4810,01.01.1985,1739
7376,01.01.1985,97055
4402,01.01.1985,1199785
2097,01.01.1985,7476092
3095,01.01.1985,49175673
6898,01.01.1985,3246887
6928,01.01.1985,8329
3793,01.01.1985,15038915
8670,01.01.1985,50917399
3348,01.01.1985,1379536
8898,01.01.1985,56643045
8163,01.01.1985,235146182
8338,01.01.1985,3024218
7220,01.01.1985,18063201
9145,01.01.1985,133119
4005,01.01.1985,17402304
6369,01.01.1985,59811313
7483,01.01.1985,150190
7872,01.01.1985,11036918
9480,01.01.1985,6686449
2658,01.01.1985,8690515
2050,01.01.1990,10694796
5181,01.01.1990,3295066
4586,01.01.1990,25518074
9350,01.01.1990,47818
9230,01.01.1990,53569
9448,01.01.1990,11828638
5604,01.01.1990,8316
8745,01.01.1990,63328
5231,01.01.1990,32637657
1972,01.01.1990,3556539
8217,01.01.1990,65712
7859,01.01.1990,17048003
5484,01.01.1990,7678729
2557,01.01.1990,7427836
3976,01.01.1990,270679
5160,01.01.1990,517418
3421,01.01.1990,107147651
8963,01.01.1990,258868
4288,01.01.1990,10428525
2934,01.01.1990,9959560
1945,01.01.1990,182589
5854,01.01.1990,5133419
5017,01.01.1990,57470
5833,01.01.1990,558442
8863,01.01.1990,7096194
2086,01.01.1990,4494310
6025,01.01.1990,1341474
5643,01.01.1990,150706446
8750,01.01.1990,15617
1038,01.01.1990,261928
4114,01.01.1990,8767778
3270,01.01.1990,9131361
5785,01.01.1990,5483793
1475,01.01.1990,8910808
2910,01.01.1990,11430520
4227,01.01.1990,27657204
5564,01.01.1990,364563
1710,01.01.1990,26027
1420,01.01.1990,2809221
9053,01.01.1990,5827069
8151,01.01.1990,13342868
4783,01.01.1990,1153704252
8433,01.01.1990,32601393
2225,01.01.1990,431119
1998,01.01.1990,17123
5481,01.01.1990,3158253
9225,01.01.1990,4873707
5830,01.01.1990,10626680
5520,01.01.1990,788500
9936,01.01.1990,5144623
8382,01.01.1990,577173
1484,01.01.1990,69481
4632,01.01.1990,7129004
8990,01.01.1990,10449837
5730,01.01.1990,57214630
8331,01.01.1990,5367179
5493,01.01.1990,465549
1933,01.01.1990,2149960
4556,01.01.1990,1570674
2855,01.01.1990,854011
1077,01.01.1990,47878073
1812,01.01.1990,2332
8902,01.01.1990,47479
2666,01.01.1990,780430
8325,01.01.1990,4986545
2491,01.01.1990,56412897
6137,01.01.1990,113931
1540,01.01.1990,211089
9323,01.01.1990,983028
1968,01.01.1990,1040616
6192,01.01.1990,5391636
2447,01.01.1990,79370196
1680,01.01.1990,15446982
5059,01.01.1990,27317
7791,01.01.1990,10302255
9550,01.01.1990,55599
1866,01.01.1990,99047
1376,01.01.1990,391951
8106,01.01.1990,138263
8657,01.01.1990,9084780
9599,01.01.1990,6354145
5294,01.01.1990,973551
2843,01.01.1990,747116
6415,01.01.1990,6925331
1086,01.01.1990,5053234
7703,01.01.1990,5838574
9064,01.01.1990,10375989
7843,01.01.1990,255019
7159,01.01.1990,870452165
3993,01.01.1990,182159874
7987,01.01.1990,55793629
3959,01.01.1990,17658381
7100,01.01.1990,3485374
3808,01.01.1990,68865
9089,01.01.1990,4803254
5288,01.01.1990,56756561
6674,01.01.1990,2392030
6552,01.01.1990,123686321
4363,01.01.1990,3480587
4450,01.01.1990,16866563
3754,01.01.1990,23162269
5939,01.01.1990,75124
5927,01.01.1990,1674938
8847,01.01.1990,4394734
1313,01.01.1990,4314443
3111,01.01.1990,2689391
1899,01.01.1990,3593700
1612,01.01.1990,1798997
9882,01.01.1990,2209731
9669,01.01.1990,4236983
3125,01.01.1990,28765
9898,01.01.1990,3785847
7830,01.01.1990,381267
3497,01.01.1990,11882762
3592,01.01.1990,9539665
6262,01.01.1990,17517054
2701,01.01.1990,224957
4228,01.01.1990,8945026
3964,01.01.1990,365392
8099,01.01.1990,46047
6596,01.01.1990,374271
2777,01.01.1990,2006027
2792,01.01.1990,1090290
6400,01.01.1990,92659
9800,01.01.1990,81720428
8489,01.01.1990,98603
1367,01.01.1990,4480199
2641,01.01.1990,30329
9877,01.01.1990,2161433
1357,01.01.1990,621442
6446,01.01.1990,10805
3324,01.01.1990,24570814
9850,01.01.1990,13303459
7797,01.01.1990,40099553
2703,01.01.1990,1369011
9288,01.01.1990,9598
3315,01.01.1990,19616530
7531,01.01.1990,14944548
5635,01.01.1990,177264
1811,01.01.1990,3397389
6130,01.01.1990,4227820
1507,01.01.1990,8370647
4777,01.01.1990,95214257
7875,01.01.1990,2533
4718,01.01.1990,20799523
6127,01.01.1990,2044174
1019,01.01.1990,48002
4283,01.01.1990,4241636
2939,01.01.1990,1804524
5946,01.01.1990,115414069
7978,01.01.1990,15293
2232,01.01.1990,2449968
6499,01.01.1990,3864972
8530,01.01.1990,4059195
2693,01.01.1990,22109099
1477,01.01.1990,61558898
7322,01.01.1990,38064255
4885,01.01.1990,10007346
7373,01.01.1990,3543776
3352,01.01.1990,441675
6771,01.01.1990,22836234
6070,01.01.1990,148005704
7426,01.01.1990,7319962
9065,01.01.1990,5168
9260,01.01.1990,142301
7092,01.01.1990,28127
3283,01.01.1990,168186
6251,01.01.1990,23132
7391,01.01.1990,16004763
5951,01.01.1990,7536001
1245,01.01.1990,7987529
3813,01.01.1990,71057
2946,01.01.1990,4325388
7069,01.01.1990,3022209
9088,01.01.1990,27845
3625,01.01.1990,5261305
5516,01.01.1990,1986024
9888,01.01.1990,324171
6544,01.01.1990,6999096
6951,01.01.1990,39877570
7514,01.01.1990,44120039
1955,01.01.1990,4750817
7526,01.01.1990,38889889
7632,01.01.1990,17204094
4452,01.01.1990,21090886
9954,01.01.1990,412756
9171,01.01.1990,8548406
9995,01.01.1990,6711693
9598,01.01.1990,12408996
1623,01.01.1990,20586174
8108,01.01.1990,5417860
5605,01.01.1990,26206012
3514,01.01.1990,55228410
8258,01.01.1990,758106
3763,01.01.1990,3875947
4810,01.01.1990,1669
7376,01.01.1990,98727
4402,01.01.1990,1266518
2097,01.01.1990,8440023
3095,01.01.1990,54324142
6898,01.01.1990,3720278
6928,01.01.1990,9182
3793,01.01.1990,17586630
8670,01.01.1990,51589817
3348,01.01.1990,1900151
8898,01.01.1990,57210442
8163,01.01.1990,248083732
8338,01.01.1990,3117012
7220,01.01.1990,20579100
9145,01.01.1990,150882
4005,01.01.1990,19750579
6369,01.01.1990,66912613
7483,01.01.1990,178529
7872,01.01.1990,13375121
9480,01.01.1990,7686401
2658,01.01.1990,10113893
2050,01.01.1995,16418912
5181,01.01.1995,3284364
4586,01.01.1995,28478022
9350,01.01.1995,53401
9230,01.01.1995,62928
9448,01.01.1995,13912253
5604,01.01.1995,9601
8745,01.01.1995,68398
5231,01.01.1995,34946110
1972,01.01.1995,3322782
8217,01.01.1995,77050
7859,01.01.1995,18002999
5484,01.01.1995,7947296
2557,01.01.1995,7889330
3976,01.01.1995,299554
5160,01.01.1995,612934
3421,01.01.1995,117793338
8963,01.01.1995,262303
4288,01.01.1995,10461696
2934,01.01.1995,10095198
1945,01.01.1995,203556
5854,01.01.1995,6046511
5017,01.01.1995,59465
5833,01.01.1995,527536
8863,01.01.1995,7841471
2086,01.01.1995,3750527
6025,01.01.1995,1543634
5643,01.01.1995,108187610
8750,01.01.1995,17674
1038,01.01.1995,299097
4114,01.01.1995,8477579
3270,01.01.1995,10353263
5785,01.01.1995,5932783
1475,01.01.1995,10919528
2910,01.01.1995,13211647
4227,01.01.1995,29289423
5564,01.01.1995,411382
1710,01.01.1995,32802
1420,01.01.1995,3276706
9053,01.01.1995,6888856
8151,01.01.1995,14416796
4783,01.01.1995,1218144426
8433,01.01.1995,35970101
2225,01.01.1995,483760
1998,01.01.1995,17735
5481,01.01.1995,3572856
9225,01.01.1995,4807100
5830,01.01.1995,10926703
5520,01.01.1995,862418
9936,01.01.1995,5235197
8382,01.01.1995,629619
1484,01.01.1995,69201
4632,01.01.1995,7869753
8990,01.01.1995,11561683
5730,01.01.1995,64166908
8331,01.01.1995,5748195
5493,01.01.1995,560740
1933,01.01.1995,2157220
4556,01.01.1995,1452775
2855,01.01.1995,953573
1077,01.01.1995,57476536
1812,01.01.1995,2735
8902,01.01.1995,43805
2666,01.01.1995,792246
8325,01.01.1995,5107943
2491,01.01.1995,57420354
6137,01.01.1995,137183
1540,01.01.1995,231446
9323,01.01.1995,1121964
1968,01.01.1995,1242155
6192,01.01.1995,4877676
2447,01.01.1995,81123262
1680,01.01.1995,17438874
5059,01.01.1995,27412
7791,01.01.1995,10727927
9550,01.01.1995,55788
1866,01.01.1995,104060
1376,01.01.1995,413935
8106,01.01.1995,150094
8657,01.01.1995,10363090
9599,01.01.1995,7468347
5294,01.01.1995,1117222
2843,01.01.1995,751689
6415,01.01.1995,7627316
1086,01.01.1995,5812832
7703,01.01.1995,6243859
9064,01.01.1995,10327169
7843,01.01.1995,267681
7159,01.01.1995,964279129
3993,01.01.1995,198140162
7987,01.01.1995,60794809
3959,01.01.1995,20948858
7100,01.01.1995,3579482
3808,01.01.1995,71454
9089,01.01.1995,5478734
5288,01.01.1995,56885126
6674,01.01.1995,2509372
6552,01.01.1995,125433969
4363,01.01.1995,4458195
4450,01.01.1995,16434324
3754,01.01.1995,26878347
5939,01.01.1995,81481
5927,01.01.1995,1655222
8847,01.01.1995,4596456
1313,01.01.1995,4927432
3111,01.01.1995,2570151
1899,01.01.1995,3959640
1612,01.01.1995,1934079
9882,01.01.1995,2142422
9669,01.01.1995,4733063
3125,01.01.1995,30890
9898,01.01.1995,3747267
7830,01.01.1995,407635
3497,01.01.1995,13869138
3592,01.01.1995,10112816
6262,01.01.1995,20136888
2701,01.01.1995,258208
4228,01.01.1995,9921094
3964,01.01.1995,381849
8099,01.01.1995,50702
6596,01.01.1995,409942
2777,01.01.1995,2380341
2792,01.01.1995,1160207
6400,01.01.1995,124941
9800,01.01.1995,89969572
8489,01.01.1995,468846
1367,01.01.1995,4461231
2641,01.01.1995,31482
9877,01.01.1995,2330334
1357,01.01.1995,632066
6446,01.01.1995,8342
3324,01.01.1995,26599048
9850,01.01.1995,15594830
7797,01.01.1995,42880186
2703,01.01.1995,1605370
9288,01.01.1995,10316
3315,01.01.1995,22305571
7531,01.01.1995,15446668
5635,01.01.1995,199701
1811,01.01.1995,3673893
6130,01.01.1995,4721929
1507,01.01.1995,9813918
4777,01.01.1995,108187610
7875,01.01.1995,2339
4718,01.01.1995,22385536
6127,01.01.1995,1983964
1019,01.01.1995,48717
4283,01.01.1995,4359333
2939,01.01.1995,2172672
5946,01.01.1995,133117476
7978,01.01.1995,17209
2232,01.01.1995,2716067
6499,01.01.1995,4616439
8530,01.01.1995,4603917
2693,01.01.1995,24449055
1477,01.01.1995,69250468
7322,01.01.1995,38401978
4885,01.01.1995,10051248
7373,01.01.1995,3704947
3352,01.01.1995,515133
6771,01.01.1995,22533134
6070,01.01.1995,148557451
7426,01.01.1995,5686897
9065,01.01.1995,6144
9260,01.01.1995,152348
7092,01.01.1995,29435
3283,01.01.1995,174902
6251,01.01.1995,24886
7391,01.01.1995,18888857
5951,01.01.1995,8632681
1245,01.01.1995,7982462
3813,01.01.1995,74735
2946,01.01.1995,4324149
7069,01.01.1995,3543875
9088,01.01.1995,31596
3625,01.01.1995,5349997
5516,01.01.1995,1991106
9888,01.01.1995,375189
6544,01.01.1995,7210930
6951,01.01.1995,43986084
7514,01.01.1995,45393418
1955,01.01.1995,5302042
7526,01.01.1995,39814573
7632,01.01.1995,18177572
4452,01.01.1995,23290602
9954,01.01.1995,434490
9171,01.01.1995,8758496
9995,01.01.1995,7038297
9598,01.01.1995,14313450
1623,01.01.1995,21455813
8108,01.01.1995,5916173
5605,01.01.1995,30560071
3514,01.01.1995,59424834
8258,01.01.1995,819226
3763,01.01.1995,4279566
4810,01.01.1995,1632
7376,01.01.1995,99977
4402,01.01.1995,1307822
2097,01.01.1995,9294102
3095,01.01.1995,59305490
6898,01.01.1995,4226623
6928,01.01.1995,9585
3793,01.01.1995,20680831
8670,01.01.1995,51061265
3348,01.01.1995,2433988
8898,01.01.1995,57930364
8163,01.01.1995,265660556
8338,01.01.1995,3208300
7220,01.01.1995,23026206
9145,01.01.1995,170612
4005,01.01.1995,22107286
6369,01.01.1995,73759110
7483,01.01.1995,208381
7872,01.01.1995,16103339
9480,01.01.1995,8684135
2658,01.01.1995,10994041
2050,01.01.2000,19542982
5181,01.01.2000,3182021
4586,01.01.2000,30774621
9350,01.01.2000,58230
9230,01.01.2000,66097
9448,01.01.2000,16394062
5604,01.01.2000,11047
8745,01.01.2000,75055
5231,01.01.2000,37070774
1972,01.01.2000,3168523
8217,01.01.2000,89101
7859,01.01.2000,19017963
5484,01.01.2000,8010428
2557,01.01.2000,8190337
3976,01.01.2000,325014
5160,01.01.2000,711442
3421,01.01.2000,129193327
8963,01.01.2000,264657
4288,01.01.2000,10256483
2934,01.01.2000,10264343
1945,01.01.2000,240406
5854,01.01.2000,6998023
5017,01.01.2000,61371
5833,01.01.2000,587207
8863,01.01.2000,8592656
2086,01.01.2000,4179350
6025,01.01.2000,1726985
5643,01.01.2000,175873720
8750,01.01.2000,20104
1038,01.01.2000,333926
4114,01.01.2000,8097691
3270,01.01.2000,11882888
5785,01.01.2000,6307659
1475,01.01.2000,12118841
2910,01.01.2000,15091594
4227,01.01.2000,30683313
5564,01.01.2000,458251
1710,01.01.2000,39658
1420,01.01.2000,3759170
9053,01.01.2000,8259137
8151,01.01.2000,15351799
4783,01.01.2000,1264099069
8433,01.01.2000,39215135
2225,01.01.2000,536758
1998,01.01.2000,15897
5481,01.01.2000,3979193
9225,01.01.2000,4548434
5830,01.01.2000,11105791
5520,01.01.2000,948237
9936,01.01.2000,5340655
8382,01.01.2000,742033
1484,01.01.2000,68346
4632,01.01.2000,8540791
8990,01.01.2000,12626507
5730,01.01.2000,71371371
8331,01.01.2000,5958482
5493,01.01.2000,684977
1933,01.01.2000,2392880
4556,01.01.2000,1396877
2855,01.01.2000,1030496
1077,01.01.2000,67031867
1812,01.01.2000,3080
8902,01.01.2000,45660
2666,01.01.2000,832509
8325,01.01.2000,5176209
2491,01.01.2000,58665453
6137,01.01.2000,164351
1540,01.01.2000,250927
9323,01.01.2000,1272935
1968,01.01.2000,1437539
6192,01.01.2000,4265172
2447,01.01.2000,81551677
1680,01.01.2000,19665502
5059,01.01.2000,27741
7791,01.01.2000,11038109
9550,01.01.2000,56184
1866,01.01.2000,107432
1376,01.01.2000,424067
8106,01.01.2000,160188
8657,01.01.2000,11735894
9599,01.01.2000,8336967
5294,01.01.2000,1230849
2843,01.01.2000,759051
6415,01.01.2000,8360225
1086,01.01.2000,6656725
7703,01.01.2000,6731195
9064,01.01.2000,10202055
7843,01.01.2000,281462
7159,01.01.2000,1059633675
3993,01.01.2000,214072421
7987,01.01.2000,65544383
3959,01.01.2000,24628858
7100,01.01.2000,3768950
3808,01.01.2000,75562
9089,01.01.2000,6116958
5288,01.01.2000,56966397
6674,01.01.2000,2612205
6552,01.01.2000,126803861
4363,01.01.2000,5056174
4450,01.01.2000,15236253
3754,01.01.2000,30851606
5939,01.01.2000,88826
5927,01.01.2000,1934901
8847,01.01.2000,4935182
1313,01.01.2000,5430853
3111,01.01.2000,2392530
1899,01.01.2000,4320642
1612,01.01.2000,1998630
9882,01.01.2000,2895224
9669,01.01.2000,5154790
3125,01.01.2000,33026
9898,01.01.2000,3599637
7830,01.01.2000,435628
3497,01.01.2000,16216431
3592,01.01.2000,11229387
6262,01.01.2000,22945150
2701,01.01.2000,282507
4228,01.01.2000,11239101
3964,01.01.2000,399212
8099,01.01.2000,54224
6596,01.01.2000,432543
2777,01.01.2000,2695003
2792,01.01.2000,1215930
6400,01.01.2000,159215
9800,01.01.2000,97873442
8489,01.01.2000,111709
1367,01.01.2000,4251573
2641,01.01.2000,32465
9877,01.01.2000,2450979
1357,01.01.2000,633324
6446,01.01.2000,5138
3324,01.01.2000,28554415
9850,01.01.2000,17768505
7797,01.01.2000,45538332
2703,01.01.2000,1819141
9288,01.01.2000,10377
3315,01.01.2000,24559500
7531,01.01.2000,15899135
5635,01.01.2000,221537
1811,01.01.2000,3855266
6130,01.01.2000,5123222
1507,01.01.2000,11622665
4777,01.01.2000,122851984
7875,01.01.2000,2074
4718,01.01.2000,23367059
6127,01.01.2000,2037936
1019,01.01.2000,80338
4283,01.01.2000,4491202
2939,01.01.2000,2344253
5946,01.01.2000,154369924
7978,01.01.2000,19726
2232,01.01.2000,3001731
6499,01.01.2000,5508297
8530,01.01.2000,5123819
2693,01.01.2000,26654439
1477,01.01.2000,77958223
7322,01.01.2000,38504431
4885,01.01.2000,10300626
7373,01.01.2000,3827108
3352,01.01.2000,645937
6771,01.01.2000,21919876
6070,01.01.2000,146844839
7426,01.01.2000,8109989
9065,01.01.2000,7082
9260,01.01.2000,159500
7092,01.01.2000,29610
3283,01.01.2000,184008
6251,01.01.2000,26823
7391,01.01.2000,21547390
5951,01.01.2000,9704287
1245,01.01.2000,7935022
3813,01.01.2000,80060
2946,01.01.2000,4584067
7069,01.01.2000,4053602
9088,01.01.2000,30489
3625,01.01.2000,5376690
5516,01.01.2000,1984339
9888,01.01.2000,429978
6544,01.01.2000,8721465
6951,01.01.2000,46813266
7514,01.01.2000,46788591
1955,01.01.2000,6114440
7526,01.01.2000,40741651
7632,01.01.2000,18776371
4452,01.01.2000,26298773
9954,01.01.2000,478998
9171,01.01.2000,8871043
9995,01.01.2000,7182059
9598,01.01.2000,16307654
1623,01.01.2000,22194731
8108,01.01.2000,6272998
5605,01.01.2000,34463704
3514,01.01.2000,63066603
8258,01.01.2000,878360
3763,01.01.2000,5008035
4810,01.01.2000,1666
7376,01.01.2000,102603
4402,01.01.2000,1332203
2097,01.01.2000,9893316
3095,01.01.2000,64113547
6898,01.01.2000,4569132
6928,01.01.2000,9638
3793,01.01.2000,24020697
8670,01.01.2000,48879755
3348,01.01.2000,3275333
8898,01.01.2000,58850043
8163,01.01.2000,282398554
8338,01.01.2000,3292224
7220,01.01.2000,24925554
9145,01.01.2000,192074
4005,01.01.2000,24427729
6369,01.01.2000,79001142
7483,01.01.2000,270375
7872,01.01.2000,18628700
9480,01.01.2000,9891136
2658,01.01.2000,11834676
2050,01.01.2005,24411191
5181,01.01.2005,3032634
4586,01.01.2005,32956690
9350,01.01.2005,57254
9230,01.01.2005,79826
9448,01.01.2005,19450959
5604,01.01.2005,12128
8745,01.01.2005,79869
5231,01.01.2005,39070501
1972,01.01.2005,3047246
8217,01.01.2005,94483
7859,01.01.2005,20171731
5484,01.01.2005,8227034
2557,01.01.2005,8656237
3976,01.01.2005,347804
5160,01.01.2005,901921
3421,01.01.2005,140912590
8963,01.01.2005,269477
4288,01.01.2005,9935163
2934,01.01.2005,10516978
1945,01.01.2005,280375
5854,01.01.2005,8149419
5017,01.01.2005,62959
5833,01.01.2005,663323
8863,01.01.2005,9377388
2086,01.01.2005,4094297
6025,01.01.2005,1892807
5643,01.01.2005,140490722
8750,01.01.2005,23497
1038,01.01.2005,366717
4114,01.01.2005,7815221
3270,01.01.2005,13876127
5785,01.01.2005,7388874
1475,01.01.2005,13246583
2910,01.01.2005,17275171
4227,01.01.2005,32215916
5564,01.01.2005,492827
1710,01.01.2005,46727
1420,01.01.2005,4208834
9053,01.01.2005,10005012
8151,01.01.2005,16175311
4783,01.01.2005,1304887562
8433,01.01.2005,42220940
2225,01.01.2005,592683
1998,01.01.2005,15146
5481,01.01.2005,4315887
9225,01.01.2005,4429681
5830,01.01.2005,11246114
5520,01.01.2005,1037062
9936,01.01.2005,5436313
8382,01.01.2005,830861
1484,01.01.2005,68674
4632,01.01.2005,9164768
8990,01.01.2005,13770012
5730,01.01.2005,79075310
8331,01.01.2005,6037817
5493,01.01.2005,864726
1933,01.01.2005,2831732
4556,01.01.2005,1354662
2855,01.01.2005,1071886
1077,01.01.2005,77469940
1812,01.01.2005,3204
8902,01.01.2005,48291
2666,01.01.2005,874923
8325,01.01.2005,5246071
2491,01.01.2005,60510079
6137,01.01.2005,201259
1540,01.01.2005,271060
9323,01.01.2005,1458353
1968,01.01.2005,1660368
6192,01.01.2005,3961182
2447,01.01.2005,81212168
1680,01.01.2005,22496951
5059,01.01.2005,29155
7791,01.01.2005,11113448
9550,01.01.2005,56887
1866,01.01.2005,110254
1376,01.01.2005,403233
8106,01.01.2005,164430
8657,01.01.2005,13132814
9599,01.01.2005,9140114
5294,01.01.2005,1379713
2843,01.01.2005,759709
6415,01.01.2005,9111900
1086,01.01.2005,7564613
7703,01.01.2005,6936874
9064,01.01.2005,10073525
7843,01.01.2005,297029
7159,01.01.2005,1154638713
3993,01.01.2005,228805144
7987,01.01.2005,70182594
3959,01.01.2005,28698684
7100,01.01.2005,4121216
3808,01.01.2005,79415
9089,01.01.2005,6714124
5288,01.01.2005,58199876
6674,01.01.2005,2676863
6552,01.01.2005,127798373
4363,01.01.2005,5678534
4450,01.01.2005,15656248
3754,01.01.2005,35843010
5939,01.01.2005,98164
5927,01.01.2005,2235403
8847,01.01.2005,5193114
1313,01.01.2005,5852970
3111,01.01.2005,2233157
1899,01.01.2005,4643044
1612,01.01.2005,1977424
9882,01.01.2005,3266318
9669,01.01.2005,5837986
3125,01.01.2005,34603
9898,01.01.2005,3373533
7830,01.01.2005,464860
3497,01.01.2005,18792171
3592,01.01.2005,12755648
6262,01.01.2005,25923536
2701,01.01.2005,307018
4228,01.01.2005,13180551
3964,01.01.2005,410208
8099,01.01.2005,54337
6596,01.01.2005,400370
2777,01.01.2005,3012360
2792,01.01.2005,1258048
6400,01.01.2005,187142
9800,01.01.2005,105442402
8489,01.01.2005,527045
1367,01.01.2005,4001382
2641,01.01.2005,32141
9877,01.01.2005,2559255
1357,01.01.2005,632875
6446,01.01.2005,4693
3324,01.01.2005,30431902
9850,01.01.2005,20211114
7797,01.01.2005,47724471
2703,01.01.2005,1962865
9288,01.01.2005,10318
3315,01.01.2005,26285110
7531,01.01.2005,16261831
5635,01.01.2005,242141
1811,01.01.2005,4132781
6130,01.01.2005,5454678
1507,01.01.2005,13855221
4777,01.01.2005,140490722
7875,01.01.2005,1856
4718,01.01.2005,24100982
6127,01.01.2005,2078662
1019,01.01.2005,69025
4283,01.01.2005,4623689
2939,01.01.2005,2515192
5946,01.01.2005,174372098
7978,01.01.2005,19831
2232,01.01.2005,3305868
6499,01.01.2005,6498818
8530,01.01.2005,5476878
2693,01.01.2005,28147267
1477,01.01.2005,86261250
7322,01.01.2005,38575911
4885,01.01.2005,10523315
7373,01.01.2005,3805559
3352,01.01.2005,848710
6771,01.01.2005,21092264
6070,01.01.2005,143800049
7426,01.01.2005,9026299
9065,01.01.2005,8044
9260,01.01.2005,165386
7092,01.01.2005,33452
3283,01.01.2005,188626
6251,01.01.2005,29508
7391,01.01.2005,24397644
5951,01.01.2005,10974057
1245,01.01.2005,7830944
3813,01.01.2005,85883
2946,01.01.2005,5683334
7069,01.01.2005,4344637
9088,01.01.2005,31494
3625,01.01.2005,5376242
5516,01.01.2005,2004778
9888,01.01.2005,482486
6544,01.01.2005,10467292
6951,01.01.2005,49017147
7514,01.01.2005,47889573
1955,01.01.2005,7662654
7526,01.01.2005,43685374
7632,01.01.2005,19673866
4452,01.01.2005,29540577
9954,01.01.2005,516220
9171,01.01.2005,9051738
9995,01.01.2005,7428435
9598,01.01.2005,18583557
1623,01.01.2005,22796306
8108,01.01.2005,6929145
5605,01.01.2005,39439505
3514,01.01.2005,65821360
8258,01.01.2005,969313
3763,01.01.2005,5711597
4810,01.01.2005,1429
7376,01.01.2005,105633
4402,01.01.2005,1369075
2097,01.01.2005,10388344
3095,01.01.2005,68704715
6898,01.01.2005,4885775
6928,01.01.2005,9912
3793,01.01.2005,27946588
8670,01.01.2005,46912610
3348,01.01.2005,4280993
8898,01.01.2005,60383741
8163,01.01.2005,296842670
8338,01.01.2005,3317665
7220,01.01.2005,26573423
9145,01.01.2005,217632
4005,01.01.2005,26668785
6369,01.01.2005,83142095
7483,01.01.2005,339187
7872,01.01.2005,21320671
9480,01.01.2005,11564870
2658,01.01.2005,12224753
2050,01.01.2010,28189672
5181,01.01.2010,2913399
4586,01.01.2010,35856344
9350,01.01.2010,54849
9230,01.01.2010,71519
9448,01.01.2010,23364185
5604,01.01.2010,13172
8745,01.01.2010,85695
5231,01.01.2010,41100123
1972,01.01.2010,2946293
8217,01.01.2010,100341
7859,01.01.2010,22019168
5484,01.01.2010,8362829
2557,01.01.2010,9237202
3976,01.01.2010,373272
5160,01.01.2010,1213645
3421,01.01.2010,148391139
8963,01.01.2010,274711
4288,01.01.2010,9731427
2934,01.01.2010,10877947
1945,01.01.2010,322106
5854,01.01.2010,9445710
5017,01.01.2010,63447
5833,01.01.2010,705516
8863,01.01.2010,10223270
2086,01.01.2010,3811088
6025,01.01.2010,2091664
5643,01.01.2010,196353492
8750,01.01.2010,27556
1038,01.01.2010,396053
4114,01.01.2010,7592273
3270,01.01.2010,16116845
5785,01.01.2010,9126605
1475,01.01.2010,14363532
2910,01.01.2010,19878036
4227,01.01.2010,33963412
5564,01.01.2010,521212
1710,01.01.2010,54074
1420,01.01.2010,4660067
9053,01.01.2010,11894727
8151,01.01.2010,17004162
4783,01.01.2010,1348191368
8433,01.01.2010,44816108
2225,01.01.2010,656024
1998,01.01.2010,17212
5481,01.01.2010,4622252
9225,01.01.2010,4368682
5830,01.01.2010,11290417
5520,01.01.2010,1129686
9936,01.01.2010,5550849
8382,01.01.2010,919199
1484,01.01.2010,68755
4632,01.01.2010,9775755
8990,01.01.2010,14989585
5730,01.01.2010,87252413
8331,01.01.2010,6114034
5493,01.01.2010,1094524
1933,01.01.2010,3147727
4556,01.01.2010,1331535
2855,01.01.2010,1099920
1077,01.01.2010,89237791
1812,01.01.2010,3187
8902,01.01.2010,48410
2666,01.01.2010,905169
8325,01.01.2010,5363271
2491,01.01.2010,62444567
6137,01.01.2010,228453
1540,01.01.2010,283788
9323,01.01.2010,1711105
1968,01.01.2010,1937275
6192,01.01.2010,3836831
2447,01.01.2010,81325090
1680,01.01.2010,25574719
5059,01.01.2010,31262
7791,01.01.2010,11033783
9550,01.01.2010,56351
1866,01.01.2010,114039
1376,01.01.2010,403072
8106,01.01.2010,164905
8657,01.01.2010,14543121
9599,01.01.2010,10270728
5294,01.01.2010,1567220
2843,01.01.2010,747932
6415,01.01.2010,9842880
1086,01.01.2010,8450933
7703,01.01.2010,7132438
9064,01.01.2010,9986825
7843,01.01.2010,318333
7159,01.01.2010,1240613620
3993,01.01.2010,244016173
7987,01.01.2010,75373855
3959,01.01.2010,31264875
7100,01.01.2010,4524585
3808,01.01.2010,83828
9089,01.01.2010,7328445
5288,01.01.2010,59822450
6674,01.01.2010,2733896
6552,01.01.2010,128105431
4363,01.01.2010,6931258
4450,01.01.2010,16627837
3754,01.01.2010,41517895
5939,01.01.2010,107995
5927,01.01.2010,2943356
8847,01.01.2010,5483774
1313,01.01.2010,6323418
3111,01.01.2010,2101530
1899,01.01.2010,4995800
1612,01.01.2010,2022747
9882,01.01.2010,4019956
9669,01.01.2010,6491988
3125,01.01.2010,35926
9898,01.01.2010,3139019
7830,01.01.2010,507070
3497,01.01.2010,21731053
3592,01.01.2010,14718422
6262,01.01.2010,28717731
2701,01.01.2010,361575
4228,01.01.2010,15529181
3964,01.01.2010,418755
8099,01.01.2010,53416
6596,01.01.2010,392181
2777,01.01.2010,3419461
2792,01.01.2010,1283330
6400,01.01.2010,211786
9800,01.01.2010,112532401
8489,01.01.2010,107588
1367,01.01.2010,3678186
2641,01.01.2010,33178
9877,01.01.2010,2702520
1357,01.01.2010,631044
6446,01.01.2010,4938
3324,01.01.2010,32464865
9850,01.01.2010,23073723
7797,01.01.2010,49390988
2703,01.01.2010,2099271
9288,01.01.2010,10241
3315,01.01.2010,27161567
7531,01.01.2010,16617116
5635,01.01.2010,261426
1811,01.01.2010,4346338
6130,01.01.2010,5855734
1507,01.01.2010,16647543
4777,01.01.2010,160952853
7875,01.01.2010,1812
4718,01.01.2010,24686435
6127,01.01.2010,2093828
1019,01.01.2010,54087
4283,01.01.2010,4889741
2939,01.01.2010,2881914
5946,01.01.2010,194454498
7978,01.01.2010,18540
2232,01.01.2010,3623617
6499,01.01.2010,7583269
8530,01.01.2010,5768613
2693,01.01.2010,29229572
1477,01.01.2010,94636700
7322,01.01.2010,38597353
4885,01.01.2010,10588401
7373,01.01.2010,3717922
3352,01.01.2010,1713504
6771,01.01.2010,20335211
6070,01.01.2010,143242599
7426,01.01.2010,10309031
9065,01.01.2010,8988
9260,01.01.2010,170935
7092,01.01.2010,36458
3283,01.01.2010,194672
6251,01.01.2010,31608
7391,01.01.2010,29411929
5951,01.01.2010,12530121
1245,01.01.2010,7653748
3813,01.01.2010,92409
2946,01.01.2010,6436698
7069,01.01.2010,5163590
9088,01.01.2010,33034
3625,01.01.2010,5396424
5516,01.01.2010,2057286
9888,01.01.2010,540394
6544,01.01.2010,12026649
6951,01.01.2010,51784921
7514,01.01.2010,48813042
1955,01.01.2010,9714419
7526,01.01.2010,46572772
7632,01.01.2010,20668557
4452,01.01.2010,33739933
9954,01.01.2010,546080
9171,01.01.2010,9381729
9995,01.01.2010,7822435
9598,01.01.2010,22337563
1623,01.01.2010,23083083
8108,01.01.2010,7621779
5605,01.01.2010,45110527
3514,01.01.2010,68270489
8258,01.01.2010,1088486
3763,01.01.2010,6571855
4810,01.01.2010,1367
7376,01.01.2010,107383
4402,01.01.2010,1410296
2097,01.01.2010,10895063
3095,01.01.2010,73195345
6898,01.01.2010,5267970
6928,01.01.2010,10550
3793,01.01.2010,32341728
8670,01.01.2010,45683020
3348,01.01.2010,8481771
8898,01.01.2010,62760039
8163,01.01.2010,311182845
8338,01.01.2010,3352651
7220,01.01.2010,28614227
9145,01.01.2010,245453
4005,01.01.2010,28715022
6369,01.01.2010,87411012
7483,01.01.2010,413296
7872,01.01.2010,24743946
9480,01.01.2010,13792086
2658,01.01.2010,12839771
2050,01.01.2015,33753499
5181,01.01.2015,2882481
4586,01.01.2015,39543154
9350,01.01.2015,51368
9230,01.01.2015,71746
9448,01.01.2015,28127721
5604,01.01.2015,14525
8745,01.01.2015,89941
5231,01.01.2015,43257065
1972,01.01.2015,2878595
8217,01.01.2015,104257
7859,01.01.2015,23820236
5484,01.01.2015,8642421
2557,01.01.2015,9863480
3976,01.01.2015,392697
5160,01.01.2015,1362142
3421,01.01.2015,157830000
8963,01.01.2015,278083
4288,01.01.2015,9700609
2934,01.01.2015,11248303
1945,01.01.2015,359871
5854,01.01.2015,10932783
5017,01.01.2015,63144
5833,01.01.2015,743274
8863,01.01.2015,11090085
2086,01.01.2015,3524324
6025,01.01.2015,2305171
5643,01.01.2015,205188205
8750,01.01.2015,29366
1038,01.01.2015,421437
4114,01.01.2015,7309253
3270,01.01.2015,18718019
5785,01.01.2015,10727148
1475,01.01.2015,15417523
2910,01.01.2015,23012646
4227,01.01.2015,35732126
5564,01.01.2015,552166
1710,01.01.2015,60911
1420,01.01.2015,4819333
9053,01.01.2015,14140274
8151,01.01.2015,17870124
4783,01.01.2015,1393715448
8433,01.01.2015,47119728
2225,01.01.2015,730216
1998,01.01.2015,17695
5481,01.01.2015,4895242
9225,01.01.2015,4254815
5830,01.01.2015,11339894
5520,01.01.2015,1187280
9936,01.01.2015,5677796
8382,01.01.2015,1006259
1484,01.01.2015,70007
4632,01.01.2015,10405832
8990,01.01.2015,16195902
5730,01.01.2015,97723799
8331,01.01.2015,6231066
5493,01.01.2015,1346973
1933,01.01.2015,3340006
4556,01.01.2015,1314657
2855,01.01.2015,1133936
1077,01.01.2015,102471895
1812,01.01.2015,3408
8902,01.01.2015,48816
2666,01.01.2015,917200
8325,01.01.2015,5479461
2491,01.01.2015,63809769
6137,01.01.2015,257026
1540,01.01.2015,291787
9323,01.01.2015,2028517
1968,01.01.2015,2253133
6192,01.01.2015,3771132
2447,01.01.2015,82073226
1680,01.01.2015,28870939
5059,01.01.2015,32520
7791,01.01.2015,10806641
9550,01.01.2015,55895
1866,01.01.2015,118980
1376,01.01.2015,399089
8106,01.01.2015,167978
8657,01.01.2015,16001107
9599,01.01.2015,11625998
5294,01.01.2015,1788919
2843,01.01.2015,755031
6415,01.01.2015,10563757
1086,01.01.2015,9294505
7703,01.01.2015,7399838
9064,01.01.2015,9844246
7843,01.01.2015,331060
7159,01.01.2015,1322866505
3993,01.01.2015,259091970
7987,01.01.2015,81790841
3959,01.01.2015,37757813
7100,01.01.2015,4665760
3808,01.01.2015,83593
9089,01.01.2015,8007778
5288,01.01.2015,60232906
6674,01.01.2015,2794445
6552,01.01.2015,127250933
4363,01.01.2015,9494246
4450,01.01.2015,17835909
3754,01.01.2015,46851488
5939,01.01.2015,116707
5927,01.01.2015,3908743
8847,01.01.2015,5914980
1313,01.01.2015,6787419
3111,01.01.2015,1991955
1899,01.01.2015,6398940
1612,01.01.2015,2118521
9882,01.01.2015,4612329
9669,01.01.2015,6192235
3125,01.01.2015,37355
9898,01.01.2015,2963765
7830,01.01.2015,569408
3497,01.01.2015,24850912
3592,01.01.2015,16938942
6262,01.01.2015,31068833
2701,01.01.2015,435582
4228,01.01.2015,18112907
3964,01.01.2015,456579
8099,01.01.2015,49410
6596,01.01.2015,383515
2777,01.01.2015,3946220
2792,01.01.2015,1293153
6400,01.01.2015,249545
9800,01.01.2015,120149897
8489,01.01.2015,109462
1367,01.01.2015,3277388
2641,01.01.2015,36760
9877,01.01.2015,2964749
1357,01.01.2015,633966
6446,01.01.2015,5059
3324,01.01.2015,34680458
9850,01.01.2015,26843246
7797,01.01.2015,51483949
2703,01.01.2015,2282704
9288,01.01.2015,11185
3315,01.01.2015,27610325
7531,01.01.2015,17041107
5635,01.01.2015,283032
1811,01.01.2015,4590590
6130,01.01.2015,6298598
1507,01.01.2015,20128124
4777,01.01.2015,183995785
7875,01.01.2015,1847
4718,01.01.2015,25258015
6127,01.01.2015,2107962
1019,01.01.2015,51514
4283,01.01.2015,5190356
2939,01.01.2015,4191776
5946,01.01.2015,210969298
7978,01.01.2015,17794
2232,01.01.2015,3957099
6499,01.01.2015,8682174
8530,01.01.2015,6177950
2693,01.01.2015,30711863
1477,01.01.2015,103031365
7322,01.01.2015,38553146
4885,01.01.2015,10365435
7373,01.01.2015,3497335
3352,01.01.2015,2414573
6771,01.01.2015,19906079
6070,01.01.2015,144668389
7426,01.01.2015,11642959
9065,01.01.2015,9643
9260,01.01.2015,175623
7092,01.01.2015,35020
3283,01.01.2015,203571
6251,01.01.2015,33570
7391,01.01.2015,32749848
5951,01.01.2015,14356181
1245,01.01.2015,7519496
3813,01.01.2015,99240
2946,01.01.2015,7314773
7069,01.01.2015,5650018
9088,01.01.2015,40205
3625,01.01.2015,5424444
5516,01.01.2015,2080862
9888,01.01.2015,612660
6544,01.01.2015,13763906
6951,01.01.2015,55876504
7514,01.01.2015,50994401
1955,01.01.2015,11194299
7526,01.01.2015,46431342
7632,01.01.2015,21336697
4452,01.01.2015,38171178
9954,01.01.2015,575475
9171,01.01.2015,9849349
9995,01.01.2015,8281732
9598,01.01.2015,19205178
1623,01.01.2015,23512136
8108,01.01.2015,8524063
5605,01.01.2015,52542823
3514,01.01.2015,70294397
8258,01.01.2015,1205813
3763,01.01.2015,7473229
4810,01.01.2015,1454
7376,01.01.2015,106122
4402,01.01.2015,1460177
2097,01.01.2015,11557779
3095,01.01.2015,79646178
6898,01.01.2015,5766431
6928,01.01.2015,10877
3793,01.01.2015,37477356
8670,01.01.2015,44982564
3348,01.01.2015,8916899
8898,01.01.2015,65224364
8163,01.01.2015,324607776
8338,01.01.2015,3402818
7220,01.01.2015,30949417
9145,01.01.2015,276438
4005,01.01.2015,30529716
6369,01.01.2015,92191398
7483,01.01.2015,491824
7872,01.01.2015,28516545
9480,01.01.2015,16248230
2658,01.01.2015,14154937
2050,01.01.2020,38972230
5181,01.01.2020,2866849
4586,01.01.2020,43451666
9350,01.01.2020,46189
9230,01.01.2020,77700
9448,01.01.2020,33428485
5604,01.01.2020,15585
8745,01.01.2020,92664
5231,01.01.2020,45036032
1972,01.01.2020,2805608
8217,01.01.2020,106585
7859,01.01.2020,25670051
5484,01.01.2020,8907777
2557,01.01.2020,10284951
3976,01.01.2020,406471
5160,01.01.2020,1477469
3421,01.01.2020,167420951
8963,01.01.2020,280693
4288,01.01.2020,9633740
2934,01.01.2020,11561717
1945,01.01.2020,394921
5854,01.01.2020,12643123
5017,01.01.2020,64031
5833,01.01.2020,772506
8863,01.01.2020,11936162
2086,01.01.2020,3318407
6025,01.01.2020,2546402
5643,01.01.2020,213196304
8750,01.01.2020,30910
1038,01.01.2020,441725
4114,01.01.2020,6979175
3270,01.01.2020,21522626
5785,01.01.2020,12220227
1475,01.01.2020,16396860
2910,01.01.2020,26491087
4227,01.01.2020,37888705
5564,01.01.2020,582640
1710,01.01.2020,67311
1420,01.01.2020,5343020
9053,01.01.2020,16644701
8151,01.01.2020,19300315
4783,01.01.2020,1424929781
8433,01.01.2020,50930662
2225,01.01.2020,806166
1998,01.01.2020,17029
5481,01.01.2020,5123105
9225,01.01.2020,4096868
5830,01.01.2020,11300698
5520,01.01.2020,1237537
9936,01.01.2020,5825641
8382,01.01.2020,1090156
1484,01.01.2020,71995
4632,01.01.2020,10999664
8990,01.01.2020,17588595
5730,01.01.2020,107465134
8331,01.01.2020,6292731
5493,01.01.2020,1596049
1933,01.01.2020,3555868
4556,01.01.2020,1329444
2855,01.01.2020,1180655
1077,01.01.2020,117190911
1812,01.01.2020,3747
8902,01.01.2020,52415
2666,01.01.2020,920422
8325,01.01.2020,5529468
2491,01.01.2020,64480053
6137,01.01.2020,290969
1540,01.01.2020,301920
9323,01.01.2020,2292573
1968,01.01.2020,2573995
6192,01.01.2020,3765912
2447,01.01.2020,83328988
1680,01.01.2020,32180401
5059,01.01.2020,32709
7791,01.01.2020,10512232
9550,01.01.2020,56026
1866,01.01.2020,123663
1376,01.01.2020,395642
8106,01.01.2020,169231
8657,01.01.2020,17362718
9599,01.01.2020,13205153
5294,01.01.2020,2015828
2843,01.01.2020,797202
6415,01.01.2020,11306801
1086,01.01.2020,10121763
7703,01.01.2020,7500958
9064,01.01.2020,9750573
7843,01.01.2020,366669
7159,01.01.2020,1396387127
3993,01.01.2020,271857970
7987,01.01.2020,87290193
3959,01.01.2020,42556984
7100,01.01.2020,4946119
3808,01.01.2020,84046
9089,01.01.2020,8757489
5288,01.01.2020,59500579
6674,01.01.2020,2820436
6552,01.01.2020,125244761
4363,01.01.2020,10928721
4450,01.01.2020,18979243
3754,01.01.2020,51985780
5939,01.01.2020,126463
5927,01.01.2020,4360444
8847,01.01.2020,6424874
1313,01.01.2020,7319399
3111,01.01.2020,1897052
1899,01.01.2020,5662923
1612,01.01.2020,2254100
9882,01.01.2020,5087584
9669,01.01.2020,6653942
3125,01.01.2020,38756
9898,01.01.2020,2820267
7830,01.01.2020,630399
3497,01.01.2020,28225177
3592,01.01.2020,19377061
6262,01.01.2020,33199993
2701,01.01.2020,514438
4228,01.01.2020,21224040
3964,01.01.2020,515357
8099,01.01.2020,43413
6596,01.01.2020,370391
2777,01.01.2020,4498604
2792,01.01.2020,1297828
6400,01.01.2020,305587
9800,01.01.2020,125998302
8489,01.01.2020,112106
1367,01.01.2020,3084847
2641,01.01.2020,36922
9877,01.01.2020,3294335
1357,01.01.2020,629048
6446,01.01.2020,4500
3324,01.01.2020,36688772
9850,01.01.2020,31178239
7797,01.01.2020,53423198
2703,01.01.2020,2489098
9288,01.01.2020,12315
3315,01.01.2020,29348627
7531,01.01.2020,17434557
5635,01.01.2020,286403
1811,01.01.2020,5061133
6130,01.01.2020,6755895
1507,01.01.2020,24333639
4777,01.01.2020,208327405
7875,01.01.2020,1942
4718,01.01.2020,25867467
6127,01.01.2020,2111072
1019,01.01.2020,49587
4283,01.01.2020,5379839
2939,01.01.2020,4543399
5946,01.01.2020,227196741
7978,01.01.2020,17972
2232,01.01.2020,4294396
6499,01.01.2020,9749640
8530,01.01.2020,6618695
2693,01.01.2020,33304756
1477,01.01.2020,112190977
7322,01.01.2020,38428366
4885,01.01.2020,10298192
7373,01.01.2020,3271564
3352,01.01.2020,2760385
6771,01.01.2020,19442038
6070,01.01.2020,145617329
7426,01.01.2020,13146362
9065,01.01.2020,10681
9260,01.01.2020,179237
7092,01.01.2020,32552
3283,01.01.2020,214929
6251,01.01.2020,34007
7391,01.01.2020,35997107
5951,01.01.2020,16436119
1245,01.01.2020,7358005
3813,01.01.2020,105530
2946,01.01.2020,8233969
7069,01.01.2020,5909869
9088,01.01.2020,43621
3625,01.01.2020,5456681
5516,01.01.2020,2117641
9888,01.01.2020,691191
6544,01.01.2020,16537016
6951,01.01.2020,58801927
7514,01.01.2020,51844690
1955,01.01.2020,10606227
7526,01.01.2020,47363807
7632,01.01.2020,21715079
4452,01.01.2020,44440486
9954,01.01.2020,607065
9171,01.01.2020,10368969
9995,01.01.2020,8638613
9598,01.01.2020,20772595
1623,01.01.2020,23821464
8108,01.01.2020,9543207
5605,01.01.2020,61704518
3514,01.01.2020,71475664
8258,01.01.2020,1299995
3763,01.01.2020,8442580
4810,01.01.2020,1827
7376,01.01.2020,105254
4402,01.01.2020,1518147
2097,01.01.2020,12161723
3095,01.01.2020,84135428
6898,01.01.2020,6250438
6928,01.01.2020,11069
3793,01.01.2020,44404611
8670,01.01.2020,43909666
3348,01.01.2020,9287289
8898,01.01.2020,67059474
8163,01.01.2020,335942003
8338,01.01.2020,3429086
7220,01.01.2020,33526656
9145,01.01.2020,311685
4005,01.01.2020,28490453
6369,01.01.2020,96648685
7483,01.01.2020,556048
7872,01.01.2020,32284046
9480,01.01.2020,18927715
2658,01.01.2020,15669666
