country_id,continent_id,Date,Population
5666,2,01.01.1950,7480461
2885,3,01.01.1950,1252582
9623,1,01.01.1950,9019866
9242,6,01.01.1950,19032
7937,3,01.01.1950,6005
7736,1,01.01.1950,4478184
3486,4,01.01.1950,5017
2443,4,01.01.1950,45435
8985,5,01.01.1950,17017742
1262,2,01.01.1950,1385041
4973,4,01.01.1950,38797
2550,6,01.01.1950,8177167
1066,3,01.01.1950,6936440
5338,2,01.01.1950,3158966
2027,4,01.01.1950,81644
8750,2,01.01.1950,117149
4849,2,01.01.1950,39728535
7628,4,01.01.1950,210548
9408,3,01.01.1950,7906860
5619,3,01.01.1950,8617344
2938,4,01.01.1950,69116
8723,1,01.01.1950,2264452
4451,4,01.01.1950,37142
2159,2,01.01.1950,176367
8258,5,01.01.1950,3089843
5061,3,01.01.1950,2692907
5367,1,01.01.1950,413481
3632,5,01.01.1950,37189369
5901,4,01.01.1950,7358
4024,2,01.01.1950,48269
2503,3,01.01.1950,7157632
3130,1,01.01.1950,4213757
5786,1,01.01.1950,2254113
5007,2,01.01.1950,4380380
4116,1,01.01.1950,4315816
6300,4,01.01.1950,13743069
3837,1,01.01.1950,184999
1604,4,01.01.1950,6912
7935,1,01.01.1950,1436591
4262,1,01.01.1950,2512688
1108,5,01.01.1950,6623645
1276,2,01.01.1950,543979233
7790,5,01.01.1950,11769748
9708,1,01.01.1950,161814
1028,6,01.01.1950,14683
3472,4,01.01.1950,948487
7354,3,01.01.1950,3864691
9548,4,01.01.1950,5926645
9523,3,01.01.1950,493956
4315,3,01.01.1950,4267694
3385,1,01.01.1950,62334
3058,4,01.01.1950,50188
3920,4,01.01.1950,2381740
3817,5,01.01.1950,3518733
1586,1,01.01.1950,21150058
8431,4,01.01.1950,2182409
3257,1,01.01.1950,226381
4641,1,01.01.1950,822576
3056,3,01.01.1950,1102078
8226,1,01.01.1950,271642
2845,1,01.01.1950,17709951
5985,5,01.01.1950,2191
1051,3,01.01.1950,31655
6610,6,01.01.1950,308308
2058,3,01.01.1950,4008289
6807,3,01.01.1950,41842355
4466,5,01.01.1950,23398
9799,6,01.01.1950,64535
9094,1,01.01.1950,472905
5108,1,01.01.1950,306781
5472,2,01.01.1950,3517264
8188,3,01.01.1950,70964095
5525,1,01.01.1950,5077596
5440,3,01.01.1950,21402
9079,3,01.01.1950,7669099
3113,4,01.01.1950,23119
3073,4,01.01.1950,77020
7857,4,01.01.1950,215261
3647,6,01.01.1950,60991
2986,4,01.01.1950,3099869
1352,1,01.01.1950,2983557
9669,1,01.01.1950,543413
4582,5,01.01.1950,417719
9291,4,01.01.1950,3247231
4057,4,01.01.1950,1557932
8115,2,01.01.1950,1980524
5389,3,01.01.1950,9337714
7564,3,01.01.1950,142650
7710,2,01.01.1950,357021100
4101,2,01.01.1950,69567619
2266,2,01.01.1950,16832834
2345,2,01.01.1950,5656471
7752,3,01.01.1950,2906599
4416,3,01.01.1950,54813
1569,2,01.01.1950,1284157
7442,3,01.01.1950,46391938
6758,4,01.01.1950,1407470
2273,2,01.01.1950,84353049
9650,2,01.01.1950,438386
6173,2,01.01.1950,6655675
9491,1,01.01.1950,5774050
5582,6,01.01.1950,37846
8891,2,01.01.1950,153738
7505,2,01.01.1950,1751225
3809,2,01.01.1950,1684674
7480,3,01.01.1950,1922525
4220,2,01.01.1950,1349588
7246,1,01.01.1950,579470
7961,1,01.01.1950,915894
4384,1,01.01.1950,1130677
4851,3,01.01.1950,13765
7179,3,01.01.1950,2564798
1097,3,01.01.1950,296584
4109,1,01.01.1950,3953896
3771,1,01.01.1950,2949739
7797,2,01.01.1950,5972876
5517,2,01.01.1950,74484
8842,1,01.01.1950,4694916
4123,3,01.01.1950,291873
5592,6,01.01.1950,13066
7568,4,01.01.1950,231994
4818,1,01.01.1950,658555
5295,1,01.01.1950,525443
3205,1,01.01.1950,20544
8394,4,01.01.1950,27600133
8754,6,01.01.1950,161656
6711,3,01.01.1950,2370311
7498,3,01.01.1950,19729
6222,2,01.01.1950,781260
2420,3,01.01.1950,402260
5315,4,01.01.1950,12989
2586,1,01.01.1950,8946209
9919,1,01.01.1950,5920215
6433,2,01.01.1950,17731818
6504,1,01.01.1950,514774
6571,6,01.01.1950,3354
3375,2,01.01.1950,8398945
9808,3,01.01.1950,10093554
3526,6,01.01.1950,63860
8029,6,01.01.1950,1911608
1602,4,01.01.1950,1330442
8764,1,01.01.1950,2569191
5248,1,01.01.1950,37189369
1728,6,01.01.1950,4485
5075,2,01.01.1950,11103379
9492,3,01.01.1950,1251433
7959,6,01.01.1950,7063
8547,3,01.01.1950,3281416
8871,2,01.01.1950,457317
1349,2,01.01.1950,37696264
7129,6,01.01.1950,7430
4353,4,01.01.1950,861079
6688,6,01.01.1950,1542854
9950,5,01.01.1950,1504810
5560,5,01.01.1950,7678967
5789,2,01.01.1950,18469878
9224,3,01.01.1950,24786236
4774,3,01.01.1950,8416952
5982,4,01.01.1950,2229742
2212,2,01.01.1950,24288
6348,3,01.01.1950,16392971
9786,3,01.01.1950,102580107
5364,1,01.01.1950,2154218
8293,4,01.01.1950,2007
7280,4,01.01.1950,86695
5272,4,01.01.1950,2978
5753,6,01.01.1950,87951
5602,3,01.01.1950,12963
1392,2,01.01.1950,3089693
3941,1,01.01.1950,2496065
3394,3,01.01.1950,6017683
3555,1,01.01.1950,38106
1897,1,01.01.1950,2000790
4553,2,01.01.1950,1006701
4727,4,01.01.1950,1458
6534,3,01.01.1950,3465617
7244,3,01.01.1950,1445033
6999,6,01.01.1950,105209
3446,1,01.01.1950,2213052
2634,1,01.01.1950,13043844
5016,2,01.01.1950,20104010
1358,1,01.01.1950,2492077
9563,3,01.01.1950,28069694
9344,2,01.01.1950,7945977
4073,1,01.01.1950,6191323
6207,5,01.01.1950,195765
1995,3,01.01.1950,7014610
9872,3,01.01.1950,4692639
1038,2,01.01.1950,3543537
2791,2,01.01.1950,7623130
3781,2,01.01.1950,1526140
8155,1,01.01.1950,7632399
7164,2,01.01.1950,20411638
2611,2,01.01.1950,414791
6570,1,01.01.1950,1398525
4036,6,01.01.1950,1599
5501,6,01.01.1950,49830
1331,4,01.01.1950,648616
8913,1,01.01.1950,3606288
7561,2,01.01.1950,20977697
1805,2,01.01.1950,1214096
4691,6,01.01.1950,4732
2952,1,01.01.1950,5750637
7536,3,01.01.1950,37302996
1189,2,01.01.1950,74591
8239,3,01.01.1950,50055065
8743,4,01.01.1950,148281550
6780,5,01.01.1950,2234144
9973,2,01.01.1950,6247550
4202,6,01.01.1950,51568
8253,5,01.01.1950,5488614
4342,2,01.01.1950,25109200
8490,1,01.01.1950,12982
9772,2,01.01.1950,4712810
7832,1,01.01.1950,2318448
8513,1,01.01.1950,2791326
5666,2,01.01.1955,7971931
2885,3,01.01.1955,1453730
9623,1,01.01.1955,10242288
9242,6,01.01.1955,19826
7937,3,01.01.1955,6116
7736,1,01.01.1955,4938118
3486,4,01.01.1955,5752
2443,4,01.01.1955,50264
8985,5,01.01.1955,18700686
1262,2,01.01.1955,1604376
4973,4,01.01.1955,46464
2550,6,01.01.1955,9209844
1066,3,01.01.1955,6946260
5338,2,01.01.1955,3550017
2027,4,01.01.1955,92444
8750,2,01.01.1955,134865
4849,2,01.01.1955,44315548
7628,4,01.01.1955,227320
9408,3,01.01.1955,7976356
5619,3,01.01.1955,8834526
2938,4,01.01.1955,79986
8723,1,01.01.1955,2360081
4451,4,01.01.1955,39136
2159,2,01.01.1955,196014
8258,5,01.01.1955,3357923
5061,3,01.01.1955,2958430
5367,1,01.01.1955,461880
3632,5,01.01.1955,40839223
5901,4,01.01.1955,7516
4024,2,01.01.1955,64267
2503,3,01.01.1955,7517922
3130,1,01.01.1955,4472824
5786,1,01.01.1955,2495193
5007,2,01.01.1955,4931224
4116,1,01.01.1955,4670538
6300,4,01.01.1955,15733923
3837,1,01.01.1955,195389
1604,4,01.01.1955,8129
7935,1,01.01.1955,1545898
4262,1,01.01.1955,2756169
1108,5,01.01.1955,7323194
1276,2,01.01.1955,603320147
7790,5,01.01.1955,13512612
9708,1,01.01.1955,177885
1028,6,01.01.1955,16129
3472,4,01.01.1955,1123982
7354,3,01.01.1955,4049659
9548,4,01.01.1955,6559586
9523,3,01.01.1955,534125
4315,3,01.01.1955,4426508
3385,1,01.01.1955,72997
3058,4,01.01.1955,51895
3920,4,01.01.1955,2791108
3817,5,01.01.1955,4022378
1586,1,01.01.1955,23841701
8431,4,01.01.1955,2448633
3257,1,01.01.1955,245800
4641,1,01.01.1955,895009
3056,3,01.01.1955,1168276
8226,1,01.01.1955,307078
2845,1,01.01.1955,19703738
5985,5,01.01.1955,2187
1051,3,01.01.1955,32127
6610,6,01.01.1955,343693
2058,3,01.01.1955,4235413
6807,3,01.01.1955,43593851
4466,5,01.01.1955,25456
9799,6,01.01.1955,74475
9094,1,01.01.1955,489459
5108,1,01.01.1955,349374
5472,2,01.01.1955,3738231
8188,3,01.01.1955,71222628
5525,1,01.01.1955,5887163
5440,3,01.01.1955,21541
9079,3,01.01.1955,8146022
3113,4,01.01.1955,26295
3073,4,01.01.1955,82656
7857,4,01.01.1955,242576
3647,6,01.01.1955,65977
2986,4,01.01.1955,3560239
1352,1,01.01.1955,3234056
9669,1,01.01.1955,563713
4582,5,01.01.1955,483316
9291,4,01.01.1955,3545999
4057,4,01.01.1955,1796527
8115,2,01.01.1955,2490487
5389,3,01.01.1955,9823331
7564,3,01.01.1955,157735
7710,2,01.01.1955,398577992
4101,2,01.01.1955,77741502
2266,2,01.01.1955,18873864
2345,2,01.01.1955,6405686
7752,3,01.01.1955,2886368
4416,3,01.01.1955,52283
1569,2,01.01.1955,1564960
7442,3,01.01.1955,48130728
6758,4,01.01.1955,1552883
2273,2,01.01.1955,90090281
9650,2,01.01.1955,622010
6173,2,01.01.1955,7858733
9491,1,01.01.1955,6558870
5582,6,01.01.1955,42008
8891,2,01.01.1955,183458
7505,2,01.01.1955,1944992
3809,2,01.01.1955,1893389
7480,3,01.01.1955,2032505
4220,2,01.01.1955,1556327
7246,1,01.01.1955,641361
7961,1,01.01.1955,1013790
4384,1,01.01.1955,1225687
4851,3,01.01.1955,14945
7179,3,01.01.1955,2699051
1097,3,01.01.1955,305514
4109,1,01.01.1955,4467590
3771,1,01.01.1955,3240318
7797,2,01.01.1955,6786077
5517,2,01.01.1955,81823
8842,1,01.01.1955,5014680
4123,3,01.01.1955,323596
5592,6,01.01.1955,14062
7568,4,01.01.1955,262164
4818,1,01.01.1955,738577
5295,1,01.01.1955,596866
3205,1,01.01.1955,22942
8394,4,01.01.1955,31452141
8754,6,01.01.1955,178572
6711,3,01.01.1955,2714714
7498,3,01.01.1955,20430
6222,2,01.01.1955,844997
2420,3,01.01.1955,441379
5315,4,01.01.1955,13432
2586,1,01.01.1955,10242168
9919,1,01.01.1955,6318904
6433,2,01.01.1955,19522788
6504,1,01.01.1955,547430
6571,6,01.01.1955,3818
3375,2,01.01.1955,9284895
9808,3,01.01.1955,10767906
3526,6,01.01.1955,69989
8029,6,01.01.1955,2140976
1602,4,01.01.1955,1539551
8764,1,01.01.1955,3018555
5248,1,01.01.1955,40839223
1728,6,01.01.1955,4673
5075,2,01.01.1955,10360269
9492,3,01.01.1955,1379140
7959,6,01.01.1955,7635
8547,3,01.01.1955,3429090
8871,2,01.01.1955,492416
1349,2,01.01.1955,41023128
7129,6,01.01.1955,8252
4353,4,01.01.1955,980004
6688,6,01.01.1955,1734921
9950,5,01.01.1955,1685747
5560,5,01.01.1955,8825897
5789,2,01.01.1955,23027910
9224,3,01.01.1955,27099199
4774,3,01.01.1955,8665451
5982,4,01.01.1955,2309782
2212,2,01.01.1955,28668
6348,3,01.01.1955,17455291
9786,3,01.01.1955,110971852
5364,1,01.01.1955,2537919
8293,4,01.01.1955,2130
7280,4,01.01.1955,88463
5272,4,01.01.1955,3538
5753,6,01.01.1955,98037
5602,3,01.01.1955,13967
1392,2,01.01.1955,3581910
3941,1,01.01.1955,2847262
3394,3,01.01.1955,6348547
3555,1,01.01.1955,39788
1897,1,01.01.1955,2135644
4553,2,01.01.1955,1267611
4727,4,01.01.1955,1973
6534,3,01.01.1955,3796626
7244,3,01.01.1955,1521772
6999,6,01.01.1955,117314
3446,1,01.01.1955,2529910
2634,1,01.01.1955,14594129
5016,2,01.01.1955,22075008
1358,1,01.01.1955,2695349
9563,3,01.01.1955,29095374
9344,2,01.01.1955,8749627
4073,1,01.01.1955,7193065
6207,5,01.01.1955,227145
1995,3,01.01.1955,7264351
9872,3,01.01.1955,5002410
1038,2,01.01.1955,3989101
2791,2,01.01.1955,9229462
3781,2,01.01.1955,1805209
8155,1,01.01.1955,8725576
7164,2,01.01.1955,23173970
2611,2,01.01.1955,437426
6570,1,01.01.1955,1518825
4036,6,01.01.1955,1629
5501,6,01.01.1955,58024
1331,4,01.01.1955,742576
8913,1,01.01.1955,3975544
7561,2,01.01.1955,23821353
1805,2,01.01.1955,1363507
4691,6,01.01.1955,5195
2952,1,01.01.1955,6601785
7536,3,01.01.1955,39836510
1189,2,01.01.1955,101803
8239,3,01.01.1955,51193266
8743,4,01.01.1955,161136449
6780,5,01.01.1955,2366209
9973,2,01.01.1955,7141923
4202,6,01.01.1955,56770
8253,5,01.01.1955,6752139
4342,2,01.01.1955,28263031
8490,1,01.01.1955,20690
9772,2,01.01.1955,5091603
7832,1,01.01.1955,2677209
8513,1,01.01.1955,3263625
5666,2,01.01.1960,8622466
2885,3,01.01.1960,1711189
9623,1,01.01.1960,11394307
9242,6,01.01.1960,20085
7937,3,01.01.1960,9443
7736,1,01.01.1960,5357195
3486,4,01.01.1960,5752
2443,4,01.01.1960,55342
8985,5,01.01.1960,20349744
1262,2,01.01.1960,1904148
4973,4,01.01.1960,54608
2550,6,01.01.1960,10286647
1066,3,01.01.1960,7046553
5338,2,01.01.1960,4131484
2027,4,01.01.1960,114500
8750,2,01.01.1960,160691
4849,2,01.01.1960,50396429
7628,4,01.01.1960,232550
9408,3,01.01.1960,8389183
5619,3,01.01.1960,9108724
2938,4,01.01.1960,91403
8723,1,01.01.1960,2512284
4451,4,01.01.1960,42026
2159,2,01.01.1960,221266
8258,5,01.01.1960,3707515
5061,3,01.01.1960,3262539
5367,1,01.01.1960,512865
3632,5,01.01.1960,44928342
5901,4,01.01.1960,7850
4024,2,01.01.1960,85346
2503,3,01.01.1960,7891756
3130,1,01.01.1960,4783259
5786,1,01.01.1960,2746628
5007,2,01.01.1960,5541676
4116,1,01.01.1960,5117608
6300,4,01.01.1960,17909356
3837,1,01.01.1960,209849
1604,4,01.01.1960,8473
7935,1,01.01.1960,1679728
4262,1,01.01.1960,3028688
1108,5,01.01.1960,8141820
1276,2,01.01.1960,654170692
7790,5,01.01.1960,15687688
9708,1,01.01.1960,194852
1028,6,01.01.1960,17631
3472,4,01.01.1960,1346302
7354,3,01.01.1960,4215324
9548,4,01.01.1960,7267395
9523,3,01.01.1960,585725
4315,3,01.01.1960,4581727
3385,1,01.01.1960,85940
3058,4,01.01.1960,59379
3920,4,01.01.1960,3298021
3817,5,01.01.1960,4618158
1586,1,01.01.1960,27034499
8431,4,01.01.1960,2779327
3257,1,01.01.1960,267351
4641,1,01.01.1960,993568
3056,3,01.01.1960,1218064
8226,1,01.01.1960,345065
2845,1,01.01.1960,21739710
5985,5,01.01.1960,2265
1051,3,01.01.1960,34154
6610,6,01.01.1960,401841
2058,3,01.01.1960,4430173
6807,3,01.01.1960,45659575
4466,5,01.01.1960,31125
9799,6,01.01.1960,84851
9094,1,01.01.1960,513340
5108,1,01.01.1960,399649
5472,2,01.01.1960,4051492
8188,3,01.01.1960,73063695
5525,1,01.01.1960,6911510
5440,3,01.01.1960,21822
9079,3,01.01.1960,8495415
3113,4,01.01.1960,32124
3073,4,01.01.1960,93772
7857,4,01.01.1960,276976
3647,6,01.01.1960,72374
2986,4,01.01.1960,4098352
1352,1,01.01.1960,3516814
9669,1,01.01.1960,577933
4582,5,01.01.1960,571990
9291,4,01.01.1960,3901139
4057,4,01.01.1960,2078617
8115,2,01.01.1960,3114671
5389,3,01.01.1960,9982610
7564,3,01.01.1960,175566
7710,2,01.01.1960,445954579
4101,2,01.01.1960,88382881
2266,2,01.01.1960,21388806
2345,2,01.01.1960,7084678
7752,3,01.01.1960,2811067
4416,3,01.01.1960,48793
1569,2,01.01.1960,1902247
7442,3,01.01.1960,49517707
6758,4,01.01.1960,1642331
2273,2,01.01.1960,94464839
9650,2,01.01.1960,847936
6173,2,01.01.1960,9319283
9491,1,01.01.1960,7751435
5582,6,01.01.1960,47093
8891,2,01.01.1960,305415
7505,2,01.01.1960,2216530
3809,2,01.01.1960,2122532
7480,3,01.01.1960,2154251
4220,2,01.01.1960,1798092
7246,1,01.01.1960,737838
7961,1,01.01.1960,1137026
4384,1,01.01.1960,1426986
4851,3,01.01.1960,16472
7179,3,01.01.1960,2875684
1097,3,01.01.1960,314168
4109,1,01.01.1960,5073342
3771,1,01.01.1960,3621081
7797,2,01.01.1960,7833782
5517,2,01.01.1960,91650
8842,1,01.01.1960,5346792
4123,3,01.01.1960,337628
5592,6,01.01.1960,15374
7568,4,01.01.1960,290092
4818,1,01.01.1960,838478
5295,1,01.01.1960,676683
3205,1,01.01.1960,26165
8394,4,01.01.1960,36268055
8754,6,01.01.1960,200558
6711,3,01.01.1960,3133267
7498,3,01.01.1960,21797
6222,2,01.01.1960,977903
2420,3,01.01.1960,473046
5315,4,01.01.1960,12100
2586,1,01.01.1960,11769774
9919,1,01.01.1960,6788375
6433,2,01.01.1960,21720697
6504,1,01.01.1960,590181
6571,6,01.01.1960,4582
3375,2,01.01.1960,10167941
9808,3,01.01.1960,11493117
3526,6,01.01.1960,81236
8029,6,01.01.1960,2381189
1602,4,01.01.1960,1789684
8764,1,01.01.1960,3497431
5248,1,01.01.1960,44928342
1728,6,01.01.1960,4876
5075,2,01.01.1960,11655666
9492,3,01.01.1960,1462368
7959,6,01.01.1960,8702
8547,3,01.01.1960,3581520
8871,2,01.01.1960,536553
1349,2,01.01.1960,45954226
7129,6,01.01.1960,9446
4353,4,01.01.1960,1126989
6688,6,01.01.1960,1985666
9950,5,01.01.1960,1894829
5560,5,01.01.1960,10172207
5789,2,01.01.1960,28486871
9224,3,01.01.1960,29509903
4774,3,01.01.1960,8882469
5982,4,01.01.1960,2365072
2212,2,01.01.1960,36385
6348,3,01.01.1960,18458008
9786,3,01.01.1960,119735095
5364,1,01.01.1960,2966162
8293,4,01.01.1960,2193
7280,4,01.01.1960,91614
5272,4,01.01.1960,4135
5753,6,01.01.1960,113335
5602,3,01.01.1960,15556
1392,2,01.01.1960,4165563
3941,1,01.01.1960,3273177
3394,3,01.01.1960,6579989
3555,1,01.01.1960,43167
1897,1,01.01.1960,2301310
4553,2,01.01.1960,1601079
4727,4,01.01.1960,2646
6534,3,01.01.1960,4124239
7244,3,01.01.1960,1599571
6999,6,01.01.1960,133440
3446,1,01.01.1960,2870732
2634,1,01.01.1960,16520441
5016,2,01.01.1960,25817529
1358,1,01.01.1960,2907724
9563,3,01.01.1960,30415591
9344,2,01.01.1960,9783871
4073,1,01.01.1960,8326462
6207,5,01.01.1960,268396
1995,3,01.01.1960,7492895
9872,3,01.01.1960,5328273
1038,2,01.01.1960,4610712
2791,2,01.01.1960,10983147
3781,2,01.01.1960,2131992
8155,1,01.01.1960,10042458
7164,2,01.01.1960,26596584
2611,2,01.01.1960,468573
6570,1,01.01.1960,1651367
4036,6,01.01.1960,1795
5501,6,01.01.1960,67428
1331,4,01.01.1960,847063
8913,1,01.01.1960,4195467
7561,2,01.01.1960,27510980
1805,2,01.01.1960,1602052
4691,6,01.01.1960,5404
2952,1,01.01.1960,7617746
7536,3,01.01.1960,42767251
1189,2,01.01.1960,133426
8239,3,01.01.1960,52543017
8743,4,01.01.1960,176188578
6780,5,01.01.1960,2529021
9973,2,01.01.1960,8372311
4202,6,01.01.1960,64608
8253,5,01.01.1960,8156937
4342,2,01.01.1960,32718461
8490,1,01.01.1960,33023
9772,2,01.01.1960,5542459
7832,1,01.01.1960,3119430
8513,1,01.01.1960,3806310
5666,2,01.01.1965,9565147
2885,3,01.01.1965,2009789
9623,1,01.01.1965,12381256
9242,6,01.01.1965,23391
7937,3,01.01.1965,13563
7736,1,01.01.1965,5736582
3486,4,01.01.1965,6018
2443,4,01.01.1965,59644
8985,5,01.01.1965,22053661
1262,2,01.01.1965,2234051
4973,4,01.01.1965,58782
2550,6,01.01.1965,11359442
1066,3,01.01.1965,7269888
5338,2,01.01.1965,4837811
2027,4,01.01.1965,144849
8750,2,01.01.1965,193012
4849,2,01.01.1965,58500159
7628,4,01.01.1965,237694
9408,3,01.01.1965,8854528
5619,3,01.01.1965,9412087
2938,4,01.01.1965,104838
8723,1,01.01.1965,2735843
4451,4,01.01.1965,47074
2159,2,01.01.1965,255010
8258,5,01.01.1965,4115511
5061,3,01.01.1965,3565517
5367,1,01.01.1965,570975
3632,5,01.01.1965,49925799
5901,4,01.01.1965,8018
4024,2,01.01.1965,107686
2503,3,01.01.1965,8245072
3130,1,01.01.1965,5157929
5786,1,01.01.1965,3118134
5007,2,01.01.1965,6170727
4116,1,01.01.1965,5690086
6300,4,01.01.1965,19688805
3837,1,01.01.1965,244156
1604,4,01.01.1965,9366
7935,1,01.01.1965,1849171
4262,1,01.01.1965,3336338
1108,5,01.01.1965,8994936
1276,2,01.01.1965,723846349
7790,5,01.01.1965,18275814
9708,1,01.01.1965,214939
1028,6,01.01.1965,18767
3472,4,01.01.1965,1602736
7354,3,01.01.1965,4371381
9548,4,01.01.1965,8067651
9523,3,01.01.1965,617345
4315,3,01.01.1965,4756337
3385,1,01.01.1965,108772
3058,4,01.01.1965,63744
3920,4,01.01.1965,3868712
3817,5,01.01.1965,5337351
1586,1,01.01.1965,30818469
8431,4,01.01.1965,3179506
3257,1,01.01.1965,295010
4641,1,01.01.1965,1121739
3056,3,01.01.1965,1292004
8226,1,01.01.1965,388317
2845,1,01.01.1965,24727506
5985,5,01.01.1965,2308
1051,3,01.01.1965,36346
6610,6,01.01.1965,469010
2058,3,01.01.1965,4564583
6807,3,01.01.1965,48168804
4466,5,01.01.1965,38946
9799,6,01.01.1965,98674
9094,1,01.01.1965,547535
5108,1,01.01.1965,458908
5472,2,01.01.1965,4418592
8188,3,01.01.1965,76037469
5525,1,01.01.1965,7827726
5440,3,01.01.1965,23910
9079,3,01.01.1965,8526254
3113,4,01.01.1965,38539
3073,4,01.01.1965,98226
7857,4,01.01.1965,303438
3647,6,01.01.1965,80255
2986,4,01.01.1965,4744461
1352,1,01.01.1965,3845074
9669,1,01.01.1965,577638
4582,5,01.01.1965,650207
9291,4,01.01.1965,4274348
4057,4,01.01.1965,2403465
8115,2,01.01.1965,3602029
5389,3,01.01.1965,10140853
7564,3,01.01.1965,192309
7710,2,01.01.1965,500114346
4101,2,01.01.1965,101157868
2266,2,01.01.1965,24667026
2345,2,01.01.1965,8270544
7752,3,01.01.1965,2852401
4416,3,01.01.1965,50057
1569,2,01.01.1965,2361088
7442,3,01.01.1965,51452854
6758,4,01.01.1965,1746977
2273,2,01.01.1965,99468746
9650,2,01.01.1965,1093474
6173,2,01.01.1965,10897644
9491,1,01.01.1965,9417207
5582,6,01.01.1965,53444
8891,2,01.01.1965,513840
7505,2,01.01.1965,2615167
3809,2,01.01.1965,2379456
7480,3,01.01.1965,2287805
4220,2,01.01.1965,2087445
7246,1,01.01.1965,860220
7961,1,01.01.1965,1287315
4384,1,01.01.1965,1700072
4851,3,01.01.1965,18500
7179,3,01.01.1965,3052979
1097,3,01.01.1965,329794
4109,1,01.01.1965,5780453
3771,1,01.01.1965,4089097
7797,2,01.01.1965,9091016
5517,2,01.01.1965,104566
8842,1,01.01.1965,5726382
4123,3,01.01.1965,326401
5592,6,01.01.1965,18154
7568,4,01.01.1965,313791
4818,1,01.01.1965,965621
5295,1,01.01.1965,758628
3205,1,01.01.1965,30165
8394,4,01.01.1965,42737991
8754,6,01.01.1965,229207
6711,3,01.01.1965,3476796
7498,3,01.01.1965,23022
6222,2,01.01.1965,1134072
2420,3,01.01.1965,503188
5315,4,01.01.1965,11725
2586,1,01.01.1965,13381880
9919,1,01.01.1965,7524154
6433,2,01.01.1965,24286878
6504,1,01.01.1965,657887
6571,6,01.01.1965,5804
3375,2,01.01.1965,11232951
9808,3,01.01.1965,12275791
3526,6,01.01.1965,94803
8029,6,01.01.1965,2638316
1602,4,01.01.1965,2084097
8764,1,01.01.1965,4053524
5248,1,01.01.1965,49925799
1728,6,01.01.1965,5316
5075,2,01.01.1965,13105946
9492,3,01.01.1965,1547982
7959,6,01.01.1965,10229
8547,3,01.01.1965,3723510
8871,2,01.01.1965,593808
1349,2,01.01.1965,51841626
7129,6,01.01.1965,10563
4353,4,01.01.1965,1310556
6688,6,01.01.1965,2222178
9950,5,01.01.1965,2143153
5560,5,01.01.1965,11781581
5789,2,01.01.1965,32805538
9224,3,01.01.1965,31224081
4774,3,01.01.1965,8899092
5982,4,01.01.1965,2564270
2212,2,01.01.1965,64843
6348,3,01.01.1965,19117072
9786,3,01.01.1965,126400607
5364,1,01.01.1965,3348631
8293,4,01.01.1965,2346
7280,4,01.01.1965,97024
5272,4,01.01.1965,4832
5753,6,01.01.1965,129789
5602,3,01.01.1965,17273
1392,2,01.01.1965,4978922
3941,1,01.01.1965,3770874
3394,3,01.01.1965,6902989
3555,1,01.01.1965,48123
1897,1,01.01.1965,2520576
4553,2,01.01.1965,1860651
4727,4,01.01.1965,4161
6534,3,01.01.1965,4363511
7244,3,01.01.1965,1669453
6999,6,01.01.1965,151495
3446,1,01.01.1965,3267593
2634,1,01.01.1965,19187194
5016,2,01.01.1965,29179407
1358,1,01.01.1965,3143622
9563,3,01.01.1965,32112015
9344,2,01.01.1965,11035224
4073,1,01.01.1965,9712785
6207,5,01.01.1965,321069
1995,3,01.01.1965,7755752
9872,3,01.01.1965,5857047
1038,2,01.01.1965,5368451
2791,2,01.01.1965,13070708
3781,2,01.01.1965,2538295
8155,1,01.01.1965,11630603
7164,2,01.01.1965,30940270
2611,2,01.01.1965,507477
6570,1,01.01.1965,1820396
4036,6,01.01.1965,1896
5501,6,01.01.1965,77686
1331,4,01.01.1965,928462
8913,1,01.01.1965,4457282
7561,2,01.01.1965,31374536
1805,2,01.01.1965,1897095
4691,6,01.01.1965,5548
2952,1,01.01.1965,8829056
7536,3,01.01.1965,45387091
1189,2,01.01.1965,173797
8239,3,01.01.1965,54229565
8743,4,01.01.1965,189703283
6780,5,01.01.1965,2680427
9973,2,01.01.1965,10130096
4202,6,01.01.1965,74677
8253,5,01.01.1965,9688138
4342,2,01.01.1965,37466077
8490,1,01.01.1965,51206
9772,2,01.01.1965,6097298
7832,1,01.01.1965,3658024
8513,1,01.01.1965,4447149
5666,2,01.01.1970,10752971
2885,3,01.01.1970,2324731
9623,1,01.01.1970,13795915
9242,6,01.01.1970,27075
7937,3,01.01.1970,19860
7736,1,01.01.1970,6029700
3486,4,01.01.1970,6283
2443,4,01.01.1970,64516
8985,5,01.01.1970,23842803
1262,2,01.01.1970,2534377
4973,4,01.01.1970,59106
2550,6,01.01.1970,12595034
1066,3,01.01.1970,7465301
5338,2,01.01.1970,5425317
2027,4,01.01.1970,179129
8750,2,01.01.1970,222555
4849,2,01.01.1970,67541860
7628,4,01.01.1970,241397
9408,3,01.01.1970,9170786
5619,3,01.01.1970,9629376
2938,4,01.01.1970,120905
8723,1,01.01.1970,3023443
4451,4,01.01.1970,52019
2159,2,01.01.1970,298894
8258,5,01.01.1970,4585693
5061,3,01.01.1970,3815561
5367,1,01.01.1970,592244
3632,5,01.01.1970,96369875
5901,4,01.01.1970,9581
4024,2,01.01.1970,133343
2503,3,01.01.1970,8582950
3130,1,01.01.1970,5611666
5786,1,01.01.1970,3497834
5007,2,01.01.1970,6708525
4116,1,01.01.1970,6452787
6300,4,01.01.1970,21434577
3837,1,01.01.1970,287262
1604,4,01.01.1970,10533
7935,1,01.01.1970,2067356
4262,1,01.01.1970,3667394
1108,5,01.01.1970,9820481
1276,2,01.01.1970,822534450
7790,5,01.01.1970,20905254
9708,1,01.01.1970,242351
1028,6,01.01.1970,20470
3472,4,01.01.1970,1855697
7354,3,01.01.1970,4492638
9548,4,01.01.1970,8869636
9523,3,01.01.1970,640804
4315,3,01.01.1970,4922963
3385,1,01.01.1970,144379
3058,4,01.01.1970,68895
3920,4,01.01.1970,4475871
3817,5,01.01.1970,6172215
1586,1,01.01.1970,34781986
8431,4,01.01.1970,3619090
3257,1,01.01.1970,316955
4641,1,01.01.1970,1272748
3056,3,01.01.1970,1361999
8226,1,01.01.1970,442865
2845,1,01.01.1970,28308246
5985,5,01.01.1970,2274
1051,3,01.01.1970,38416
6610,6,01.01.1970,527634
2058,3,01.01.1970,4606621
6807,3,01.01.1970,50523586
4466,5,01.01.1970,46484
9799,6,01.01.1970,117891
9094,1,01.01.1970,597192
5108,1,01.01.1970,528731
5472,2,01.01.1970,4800426
8188,3,01.01.1970,78294583
5525,1,01.01.1970,8861895
5440,3,01.01.1970,26685
9079,3,01.01.1970,8544873
3113,4,01.01.1970,45434
3073,4,01.01.1970,98794
7857,4,01.01.1970,318310
3647,6,01.01.1970,88300
2986,4,01.01.1970,5453208
1352,1,01.01.1970,4222374
9669,1,01.01.1970,591663
4582,5,01.01.1970,705261
9291,4,01.01.1970,4680812
4057,4,01.01.1970,2782753
8115,2,01.01.1970,3955072
5389,3,01.01.1970,10315366
7564,3,01.01.1970,204468
7710,2,01.01.1970,557501301
4101,2,01.01.1970,115228394
2266,2,01.01.1970,28449705
2345,2,01.01.1970,9811347
7752,3,01.01.1970,2937637
4416,3,01.01.1970,55298
1569,2,01.01.1970,2907307
7442,3,01.01.1970,53324036
6758,4,01.01.1970,1859091
2273,2,01.01.1970,105416839
9650,2,01.01.1970,1557374
6173,2,01.01.1970,12265305
9491,1,01.01.1970,11473087
5582,6,01.01.1970,57437
8891,2,01.01.1970,802786
7505,2,01.01.1970,3016384
3809,2,01.01.1970,2675283
7480,3,01.01.1970,2397414
4220,2,01.01.1970,2381791
7246,1,01.01.1970,1023481
7961,1,01.01.1970,1463563
4384,1,01.01.1970,1909177
4851,3,01.01.1970,21089
7179,3,01.01.1970,3210147
1097,3,01.01.1970,339342
4109,1,01.01.1970,6639751
3771,1,01.01.1970,4625141
7797,2,01.01.1970,10306508
5517,2,01.01.1970,123243
8842,1,01.01.1970,6153587
4123,3,01.01.1970,315414
5592,6,01.01.1970,23969
7568,4,01.01.1970,326428
4818,1,01.01.1970,1122198
5295,1,01.01.1970,830115
3205,1,01.01.1970,35383
8394,4,01.01.1970,50289306
8754,6,01.01.1970,58989
6711,3,01.01.1970,3711140
7498,3,01.01.1970,24270
6222,2,01.01.1970,1293880
2420,3,01.01.1970,530268
5315,4,01.01.1970,11402
2586,1,01.01.1970,15274351
9919,1,01.01.1970,8411676
6433,2,01.01.1970,27284112
6504,1,01.01.1970,754467
6571,6,01.01.1970,6663
3375,2,01.01.1970,12501285
9808,3,01.01.1970,13037686
3526,6,01.01.1970,110982
8029,6,01.01.1970,2824061
1602,4,01.01.1970,2444767
8764,1,01.01.1970,4669708
5248,1,01.01.1970,55569264
1728,6,01.01.1970,5185
5075,2,01.01.1970,14996879
9492,3,01.01.1970,1656783
7959,6,01.01.1970,10143
8547,3,01.01.1970,3875546
8871,2,01.01.1970,670693
1349,2,01.01.1970,59290872
7129,6,01.01.1970,11366
4353,4,01.01.1970,1516188
6688,6,01.01.1970,2489059
9950,5,01.01.1970,2408787
5560,5,01.01.1970,13562371
5789,2,01.01.1970,37435586
9224,3,01.01.1970,32482943
4774,3,01.01.1970,8683631
5982,4,01.01.1970,2737619
2212,2,01.01.1970,118007
6348,3,01.01.1970,19922618
9786,3,01.01.1970,130093010
5364,1,01.01.1970,3896367
8293,4,01.01.1970,2417
7280,4,01.01.1970,103090
5272,4,01.01.1970,5802
5753,6,01.01.1970,142771
5602,3,01.01.1970,18169
1392,2,01.01.1970,6106191
3941,1,01.01.1970,4367744
3394,3,01.01.1970,7193533
3555,1,01.01.1970,54379
1897,1,01.01.1970,2778557
4553,2,01.01.1970,2061831
4727,4,01.01.1970,6260
6534,3,01.01.1970,4522867
7244,3,01.01.1970,1741286
6999,6,01.01.1970,172833
3446,1,01.01.1970,3720977
2634,1,01.01.1970,22368306
5016,2,01.01.1970,32601143
1358,1,01.01.1970,3342410
9563,3,01.01.1970,33792617
9344,2,01.01.1970,12388769
4073,1,01.01.1970,11305206
6207,5,01.01.1970,379918
1995,3,01.01.1970,8027702
9872,3,01.01.1970,6181227
1038,2,01.01.1970,6319199
2791,2,01.01.1970,14957870
3781,2,01.01.1970,2993019
8155,1,01.01.1970,13618192
7164,2,01.01.1970,35791728
2611,2,01.01.1970,554021
6570,1,01.01.1970,2197383
4036,6,01.01.1970,1714
5501,6,01.01.1970,86484
1331,4,01.01.1970,988890
8913,1,01.01.1970,5047404
7561,2,01.01.1970,35540990
1805,2,01.01.1970,2201432
4691,6,01.01.1970,5814
2952,1,01.01.1970,10317212
7536,3,01.01.1970,47279086
1189,2,01.01.1970,298084
8239,3,01.01.1970,55650166
8743,4,01.01.1970,200328340
6780,5,01.01.1970,2790265
9973,2,01.01.1970,12011361
4202,6,01.01.1970,87019
8253,5,01.01.1970,11355475
4342,2,01.01.1970,41928849
8490,1,01.01.1970,76371
9772,2,01.01.1970,6843607
7832,1,01.01.1970,4281671
8513,1,01.01.1970,5202918
5666,2,01.01.1975,12157386
2885,3,01.01.1975,2650122
9623,1,01.01.1975,15724692
9242,6,01.01.1975,29573
7937,3,01.01.1975,27640
7736,1,01.01.1975,7032713
3486,4,01.01.1975,6463
2443,4,01.01.1975,64035
8985,5,01.01.1975,25875558
1262,2,01.01.1975,2830798
4973,4,01.01.1975,60715
2550,6,01.01.1975,13886854
1066,3,01.01.1975,7576926
5338,2,01.01.1975,5925012
2027,4,01.01.1975,201881
8750,2,01.01.1975,285116
4849,2,01.01.1975,74700345
7628,4,01.01.1975,247090
9408,3,01.01.1975,9500738
5619,3,01.01.1975,9763430
2938,4,01.01.1975,130801
8723,1,01.01.1975,3378703
4451,4,01.01.1975,53256
2159,2,01.01.1975,352269
8258,5,01.01.1975,5127776
5061,3,01.01.1975,4022090
5367,1,01.01.1975,727930
3632,5,01.01.1975,62851312
5901,4,01.01.1975,10282
4024,2,01.01.1975,159653
2503,3,01.01.1975,8860971
3130,1,01.01.1975,6138444
5786,1,01.01.1975,3749232
5007,2,01.01.1975,6727922
4116,1,01.01.1975,7397417
6300,4,01.01.1975,23136252
3837,1,01.01.1975,304375
1604,4,01.01.1975,13791
7935,1,01.01.1975,2283927
4262,1,01.01.1975,4084110
1108,5,01.01.1975,10639531
1276,2,01.01.1975,915124661
7790,5,01.01.1975,23403731
9708,1,01.01.1975,280036
1028,6,01.01.1975,18863
3472,4,01.01.1975,2111850
7354,3,01.01.1975,4579428
9548,4,01.01.1975,9514305
9523,3,01.01.1975,644982
4315,3,01.01.1975,5058203
3385,1,01.01.1975,208582
3058,4,01.01.1975,71300
3920,4,01.01.1975,5106453
3817,5,01.01.1975,7105786
1586,1,01.01.1975,38775584
8431,4,01.01.1975,4076751
3257,1,01.01.1975,283262
4641,1,01.01.1975,1450867
3056,3,01.01.1975,1424044
8226,1,01.01.1975,509535
2845,1,01.01.1975,32252783
5985,5,01.01.1975,2280
1051,3,01.01.1975,40626
6610,6,01.01.1975,575804
2058,3,01.01.1975,4711368
6807,3,01.01.1975,52450030
4466,5,01.01.1975,54347
9799,6,01.01.1975,139833
9094,1,01.01.1975,663340
5108,1,01.01.1975,612909
5472,2,01.01.1975,4970320
8188,3,01.01.1975,78513511
5525,1,01.01.1975,10209848
5440,3,01.01.1975,27973
9079,3,01.01.1975,8805415
3113,4,01.01.1975,49151
3073,4,01.01.1975,97165
7857,4,01.01.1975,324878
3647,6,01.01.1975,99478
2986,4,01.01.1975,6201734
1352,1,01.01.1975,4588006
9669,1,01.01.1975,659635
4582,5,01.01.1975,745590
9291,4,01.01.1975,5124560
4057,4,01.01.1975,3231631
8115,2,01.01.1975,4451220
5389,3,01.01.1975,10520237
7564,3,01.01.1975,218070
7710,2,01.01.1975,623524219
4101,2,01.01.1975,131213215
2266,2,01.01.1975,32856976
2345,2,01.01.1975,11617622
7752,3,01.01.1975,3157919
4416,3,01.01.1975,59949
1569,2,01.01.1975,3388086
7442,3,01.01.1975,55093989
6758,4,01.01.1975,2003094
2273,2,01.01.1975,112411640
9650,2,01.01.1975,1886636
6173,2,01.01.1975,13158942
9491,1,01.01.1975,13651908
5582,6,01.01.1975,60675
8891,2,01.01.1975,1095998
7505,2,01.01.1975,3353850
3809,2,01.01.1975,3012720
7480,3,01.01.1975,2492528
4220,2,01.01.1975,2691586
7246,1,01.01.1975,1216180
7961,1,01.01.1975,1671632
4384,1,01.01.1975,2291841
4851,3,01.01.1975,23030
7179,3,01.01.1975,3368287
1097,3,01.01.1975,353666
4109,1,01.01.1975,7720859
3771,1,01.01.1975,5280965
7797,2,01.01.1975,11617947
5517,2,01.01.1975,143126
8842,1,01.01.1975,6687293
4123,3,01.01.1975,319619
5592,6,01.01.1975,27047
7568,4,01.01.1975,328795
4818,1,01.01.1975,1302436
5295,1,01.01.1975,888292
3205,1,01.01.1975,42097
8394,4,01.01.1975,58691882
8754,6,01.01.1975,289396
6711,3,01.01.1975,3913586
7498,3,01.01.1975,25524
6222,2,01.01.1975,1485691
2420,3,01.01.1975,559279
5315,4,01.01.1975,11533
2586,1,01.01.1975,17325325
9919,1,01.01.1975,9703732
6433,2,01.01.1975,30344276
6504,1,01.01.1975,876572
6571,6,01.01.1975,7199
3375,2,01.01.1975,13925541
9808,3,01.01.1975,13663969
3526,6,01.01.1975,136601
8029,6,01.01.1975,3095428
1602,4,01.01.1975,2857461
8764,1,01.01.1975,5339497
5248,1,01.01.1975,62851312
1728,6,01.01.1975,4270
5075,2,01.01.1975,16723252
9492,3,01.01.1975,1774013
7959,6,01.01.1975,15269
8547,3,01.01.1975,4007466
8871,2,01.01.1975,787194
1349,2,01.01.1975,68126999
7129,6,01.01.1975,12607
4353,4,01.01.1975,1734876
6688,6,01.01.1975,2794462
9950,5,01.01.1975,2714664
5560,5,01.01.1975,15441497
5789,2,01.01.1975,42394433
9224,3,01.01.1975,33899770
4774,3,01.01.1975,9202709
5982,4,01.01.1975,2972267
2212,2,01.01.1975,195043
6348,3,01.01.1975,21167265
9786,3,01.01.1975,133841842
5364,1,01.01.1975,4515756
8293,4,01.01.1975,2575
7280,4,01.01.1975,111497
5272,4,01.01.1975,6656
5753,6,01.01.1975,155263
5602,3,01.01.1975,19803
1392,2,01.01.1975,7897544
3941,1,01.01.1975,5047922
3394,3,01.01.1975,7479833
3555,1,01.01.1975,60943
1897,1,01.01.1975,3055916
4553,2,01.01.1975,2232425
4727,4,01.01.1975,8906
6534,3,01.01.1975,4737059
7244,3,01.01.1975,1817044
6999,6,01.01.1975,197853
3446,1,01.01.1975,4228289
2634,1,01.01.1975,25777964
5016,2,01.01.1975,35930694
1358,1,01.01.1975,3718279
9563,3,01.01.1975,35760431
9344,2,01.01.1975,13662873
4073,1,01.01.1975,13497543
6207,5,01.01.1975,392137
1995,3,01.01.1975,8224408
9872,3,01.01.1975,6338267
1038,2,01.01.1975,7497126
2791,2,01.01.1975,16551774
3781,2,01.01.1975,3482125
8155,1,01.01.1975,16243826
7164,2,01.01.1975,40908471
2611,2,01.01.1975,600126
6570,1,01.01.1975,2509713
4036,6,01.01.1975,1621
5501,6,01.01.1975,93477
1331,4,01.01.1975,1054017
8913,1,01.01.1975,5769074
7561,2,01.01.1975,39673590
1805,2,01.01.1975,2525760
4691,6,01.01.1975,6381
2952,1,01.01.1975,11730959
7536,3,01.01.1975,48892187
1189,2,01.01.1975,543394
8239,3,01.01.1975,56266842
8743,4,01.01.1975,211274535
6780,5,01.01.1975,2871947
9973,2,01.01.1975,13894347
4202,6,01.01.1975,102010
8253,5,01.01.1975,13176387
4342,2,01.01.1975,46969616
8490,1,01.01.1975,66865
9772,2,01.01.1975,7855657
7832,1,01.01.1975,4931249
8513,1,01.01.1975,6097083
5666,2,01.01.1980,12486631
2885,3,01.01.1980,2941651
9623,1,01.01.1980,18739378
9242,6,01.01.1980,32886
7937,3,01.01.1980,35611
7736,1,01.01.1980,8330047
3486,4,01.01.1980,6560
2443,4,01.01.1980,64888
8985,5,01.01.1980,28024803
1262,2,01.01.1980,3135123
4973,4,01.01.1980,62267
2550,6,01.01.1980,14706322
1066,3,01.01.1980,7547561
5338,2,01.01.1980,6383060
2027,4,01.01.1980,223752
8750,2,01.01.1980,362595
4849,2,01.01.1980,83929765
7628,4,01.01.1980,253575
9408,3,01.01.1980,9817257
5619,3,01.01.1980,9828986
2938,4,01.01.1980,145133
8723,1,01.01.1980,3833939
4451,4,01.01.1980,53565
2159,2,01.01.1980,415257
8258,5,01.01.1980,5736088
5061,3,01.01.1980,4199820
5367,1,01.01.1980,938578
3632,5,01.01.1980,122288383
5901,4,01.01.1980,11109
4024,2,01.01.1980,187921
2503,3,01.01.1980,8980606
3130,1,01.01.1980,6932967
5786,1,01.01.1980,4312834
5007,2,01.01.1980,6198959
4116,1,01.01.1980,8519891
6300,4,01.01.1980,24511510
3837,1,01.01.1980,317234
1604,4,01.01.1980,17100
7935,1,01.01.1980,2415276
4262,1,01.01.1980,4408230
1108,5,01.01.1980,11469828
1276,2,01.01.1980,982372466
7790,5,01.01.1980,26176195
9708,1,01.01.1980,328328
1028,6,01.01.1980,17651
3472,4,01.01.1980,2414303
7354,3,01.01.1980,4680144
9548,4,01.01.1980,9809107
9523,3,01.01.1980,679327
4315,3,01.01.1980,5125392
3385,1,01.01.1980,324121
3058,4,01.01.1980,72978
3920,4,01.01.1980,5755800
3817,5,01.01.1980,8135845
1586,1,01.01.1980,43748556
8431,4,01.01.1980,4508992
3257,1,01.01.1980,282509
4641,1,01.01.1980,1657982
3056,3,01.01.1980,1476983
8226,1,01.01.1980,598564
2845,1,01.01.1980,34945469
5985,5,01.01.1980,2240
1051,3,01.01.1980,43054
6610,6,01.01.1980,644582
2058,3,01.01.1980,4779418
6807,3,01.01.1980,53713830
4466,5,01.01.1980,66825
9799,6,01.01.1980,163591
9094,1,01.01.1980,749078
5108,1,01.01.1980,718586
5472,2,01.01.1980,5145843
8188,3,01.01.1980,77786703
5525,1,01.01.1980,11865246
5440,3,01.01.1980,28734
9079,3,01.01.1980,9307148
3113,4,01.01.1980,50106
3073,4,01.01.1980,94838
7857,4,01.01.1980,334234
3647,6,01.01.1980,110286
2986,4,01.01.1980,6987767
1352,1,01.01.1980,4972609
9669,1,01.01.1980,831462
4582,5,01.01.1980,778176
9291,4,01.01.1980,5646676
4057,4,01.01.1980,3777990
8115,2,01.01.1980,4978544
5389,3,01.01.1980,10698679
7564,3,01.01.1980,228263
7710,2,01.01.1980,696828385
4101,2,01.01.1980,148177096
2266,2,01.01.1980,38520664
2345,2,01.01.1980,13653369
7752,3,01.01.1980,3391387
4416,3,01.01.1980,64022
1569,2,01.01.1980,3744608
7442,3,01.01.1980,56329482
6758,4,01.01.1980,2135546
2273,2,01.01.1980,117624196
9650,2,01.01.1980,2216903
6173,2,01.01.1980,14172710
9491,1,01.01.1980,16187124
5582,6,01.01.1980,60813
8891,2,01.01.1980,1493870
7505,2,01.01.1980,3691209
3809,2,01.01.1980,3297519
7480,3,01.01.1980,2572037
4220,2,01.01.1980,2963702
7246,1,01.01.1980,1407672
7961,1,01.01.1980,1932169
4384,1,01.01.1980,2962720
4851,3,01.01.1980,25003
7179,3,01.01.1980,3521206
1097,3,01.01.1980,363741
4109,1,01.01.1980,8948162
3771,1,01.01.1980,6267369
7797,2,01.01.1980,13215707
5517,2,01.01.1980,164887
8842,1,01.01.1980,7372581
4123,3,01.01.1980,333587
5592,6,01.01.1980,31988
7568,4,01.01.1980,333786
4818,1,01.01.1980,1506694
5295,1,01.01.1980,954865
3205,1,01.01.1980,52233
8394,4,01.01.1980,67705186
8754,6,01.01.1980,76299
6711,3,01.01.1980,4103240
7498,3,01.01.1980,27076
6222,2,01.01.1980,1697780
2420,3,01.01.1980,589324
5315,4,01.01.1980,11452
2586,1,01.01.1980,19678444
9919,1,01.01.1980,11413587
6433,2,01.01.1980,33465781
6504,1,01.01.1980,975994
6571,6,01.01.1980,7635
3375,2,01.01.1980,15600442
9808,3,01.01.1980,14130387
3526,6,01.01.1980,148599
8029,6,01.01.1980,3147168
1602,4,01.01.1980,3303309
8764,1,01.01.1980,6173177
5248,1,01.01.1980,72951439
1728,6,01.01.1980,3637
5075,2,01.01.1980,17973650
9492,3,01.01.1980,1907023
7959,6,01.01.1980,17613
8547,3,01.01.1980,4085776
8871,2,01.01.1980,1017462
1349,2,01.01.1980,80624057
7129,6,01.01.1980,12252
4353,4,01.01.1980,1956987
6688,6,01.01.1980,3104788
9950,5,01.01.1980,3078912
5560,5,01.01.1980,17492406
5789,2,01.01.1980,48419546
9224,3,01.01.1980,35521429
4774,3,01.01.1980,9785252
5982,4,01.01.1980,3214568
2212,2,01.01.1980,277450
6348,3,01.01.1980,22125224
9786,3,01.01.1980,138257420
5364,1,01.01.1980,5247532
8293,4,01.01.1980,2983
7280,4,01.01.1980,121633
5272,4,01.01.1980,7776
5753,6,01.01.1980,164905
5602,3,01.01.1980,21346
1392,2,01.01.1980,10171710
3941,1,01.01.1980,5703869
3394,3,01.01.1980,7777010
3555,1,01.01.1980,65290
1897,1,01.01.1980,3367477
4553,2,01.01.1980,2400729
4727,4,01.01.1980,12243
6534,3,01.01.1980,4973883
7244,3,01.01.1980,1901570
6999,6,01.01.1980,233668
3446,1,01.01.1980,5892224
2634,1,01.01.1980,29463549
5016,2,01.01.1980,38170501
1358,1,01.01.1980,4192011
9563,3,01.01.1980,37491666
9344,2,01.01.1980,14943645
4073,1,01.01.1980,16673586
6207,5,01.01.1980,375112
1995,3,01.01.1980,8311763
9872,3,01.01.1980,6319113
1038,2,01.01.1980,8898954
2791,2,01.01.1980,18100281
3781,2,01.01.1980,4045965
8155,1,01.01.1980,19297659
7164,2,01.01.1980,45737753
2611,2,01.01.1980,642224
6570,1,01.01.1980,2838110
4036,6,01.01.1980,1647
5501,6,01.01.1980,96708
1331,4,01.01.1980,1127852
8913,1,01.01.1980,6578156
7561,2,01.01.1980,44089069
1805,2,01.01.1980,2862903
4691,6,01.01.1980,7731
2952,1,01.01.1980,13284026
7536,3,01.01.1980,49973920
1189,2,01.01.1980,1014048
8239,3,01.01.1980,56326328
8743,4,01.01.1980,223140018
6780,5,01.01.1980,2953750
9973,2,01.01.1980,15947129
4202,6,01.01.1980,118156
8253,5,01.01.1980,15210443
4342,2,01.01.1980,52968270
8490,1,01.01.1980,116775
9772,2,01.01.1980,9204938
7832,1,01.01.1980,5720438
8513,1,01.01.1980,7049926
5666,2,01.01.1985,10512221
2885,3,01.01.1985,3171725
9623,1,01.01.1985,22132905
9242,6,01.01.1985,39663
7937,3,01.01.1985,43809
7736,1,01.01.1985,9970621
3486,4,01.01.1985,6907
2443,4,01.01.1985,65048
8985,5,01.01.1985,30287112
1262,2,01.01.1985,3300896
4973,4,01.01.1985,64478
2550,6,01.01.1985,15785682
1066,3,01.01.1985,7562114
5338,2,01.01.1985,6891140
2027,4,01.01.1985,245935
8750,2,01.01.1985,434375
4849,2,01.01.1985,95959099
7628,4,01.01.1985,257911
9408,3,01.01.1985,10133211
5619,3,01.01.1985,9880534
2938,4,01.01.1985,163436
8723,1,01.01.1985,4419552
4451,4,01.01.1985,55611
2159,2,01.01.1985,484528
8258,5,01.01.1985,6385630
5061,3,01.01.1985,4383306
5367,1,01.01.1985,1138704
3632,5,01.01.1985,83585251
5901,4,01.01.1985,13202
4024,2,01.01.1985,222119
2503,3,01.01.1985,8917076
3130,1,01.01.1985,7979185
5786,1,01.01.1985,4948024
5007,2,01.01.1985,7376090
4116,1,01.01.1985,9804254
6300,4,01.01.1985,25843922
3837,1,01.01.1985,339874
1604,4,01.01.1985,21313
7935,1,01.01.1985,2553075
4262,1,01.01.1985,4967590
1108,5,01.01.1985,12326396
1276,2,01.01.1985,1060239979
7790,5,01.01.1985,29326260
9708,1,01.01.1985,375650
1028,6,01.01.1985,16657
3472,4,01.01.1985,2771463
7354,3,01.01.1985,4803325
9548,4,01.01.1985,10149044
9523,3,01.01.1985,731664
4315,3,01.01.1985,5119452
3385,1,01.01.1985,400709
3058,4,01.01.1985,71596
3920,4,01.01.1985,6417798
3817,5,01.01.1985,9254311
1586,1,01.01.1985,50035843
8431,4,01.01.1985,4876757
3257,1,01.01.1985,378379
4641,1,01.01.1985,1899243
3056,3,01.01.1985,1525782
8226,1,01.01.1985,702400
2845,1,01.01.1985,40285965
5985,5,01.01.1985,2232
1051,3,01.01.1985,45575
6610,6,01.01.1985,727461
2058,3,01.01.1985,4902175
6807,3,01.01.1985,55108106
4466,5,01.01.1985,86931
9799,6,01.01.1985,187578
9094,1,01.01.1985,856482
5108,1,01.01.1985,855958
5472,2,01.01.1985,5338867
8188,3,01.01.1985,77638808
5525,1,01.01.1985,13651443
5440,3,01.01.1985,28674
9079,3,01.01.1985,9840141
3113,4,01.01.1985,53220
3073,4,01.01.1985,100576
7857,4,01.01.1985,357844
3647,6,01.01.1985,124675
2986,4,01.01.1985,7932185
1352,1,01.01.1985,5531661
9669,1,01.01.1985,900088
4582,5,01.01.1985,772671
9291,4,01.01.1985,6245539
4057,4,01.01.1985,4387693
8115,2,01.01.1985,5411680
5389,3,01.01.1985,10542754
7564,3,01.01.1985,241577
7710,2,01.01.1985,780242084
4101,2,01.01.1985,165791694
2266,2,01.01.1985,47266160
2345,2,01.01.1985,15753856
7752,3,01.01.1985,3505769
4416,3,01.01.1985,64376
1569,2,01.01.1985,4182681
7442,3,01.01.1985,56636465
6758,4,01.01.1985,2292030
2273,2,01.01.1985,121119031
9650,2,01.01.1985,2751492
6173,2,01.01.1985,15413315
9491,1,01.01.1985,19452161
5582,6,01.01.1985,66708
8891,2,01.01.1985,1888975
7505,2,01.01.1985,4064852
3809,2,01.01.1985,3741604
7480,3,01.01.1985,2655104
4220,2,01.01.1985,3226750
7246,1,01.01.1985,1616697
7961,1,01.01.1985,2239724
4384,1,01.01.1985,3684313
4851,3,01.01.1985,26785
7179,3,01.01.1985,3672852
1097,3,01.01.1985,366466
4109,1,01.01.1985,10297746
3771,1,01.01.1985,7625078
7797,2,01.01.1985,15108135
5517,2,01.01.1985,190383
8842,1,01.01.1985,8187651
4123,3,01.01.1985,349118
5592,6,01.01.1985,38962
7568,4,01.01.1985,348728
4818,1,01.01.1985,1746265
5295,1,01.01.1985,1025769
3205,1,01.01.1985,68287
8394,4,01.01.1985,74872006
8754,6,01.01.1985,372310
6711,3,01.01.1985,4300695
7498,3,01.01.1985,28807
6222,2,01.01.1985,1919744
2420,3,01.01.1985,604622
5315,4,01.01.1985,11113
2586,1,01.01.1985,22335077
9919,1,01.01.1985,12680065
6433,2,01.01.1985,36881020
6504,1,01.01.1985,1093311
6571,6,01.01.1985,8313
3375,2,01.01.1985,17540571
9808,3,01.01.1985,14515704
3526,6,01.01.1985,159702
8029,6,01.01.1985,3268356
1602,4,01.01.1985,3763034
8764,1,01.01.1985,7187618
5248,1,01.01.1985,83585251
1728,6,01.01.1985,2848
5075,2,01.01.1985,19325487
9492,3,01.01.1985,2001504
7959,6,01.01.1985,32041
8547,3,01.01.1985,4152637
8871,2,01.01.1985,1353289
1349,2,01.01.1985,97121552
7129,6,01.01.1985,13644
4353,4,01.01.1985,2197065
6688,6,01.01.1985,3447579
9950,5,01.01.1985,3535498
5560,5,01.01.1985,19746610
5789,2,01.01.1985,54812660
9224,3,01.01.1985,37179160
4774,3,01.01.1985,9996896
5982,4,01.01.1985,3406279
2212,2,01.01.1985,365868
6348,3,01.01.1985,22525363
9786,3,01.01.1985,142896392
5364,1,01.01.1985,6266752
8293,4,01.01.1985,4016
7280,4,01.01.1985,132751
5272,4,01.01.1985,15714
5753,6,01.01.1985,166517
5602,3,01.01.1985,22241
1392,2,01.01.1985,12890245
3941,1,01.01.1985,6520705
3394,3,01.01.1985,7912069
3555,1,01.01.1985,67833
1897,1,01.01.1985,3749419
4553,2,01.01.1985,2685994
4727,4,01.01.1985,19064
6534,3,01.01.1985,5146571
7244,3,01.01.1985,1952518
6999,6,01.01.1985,277158
3446,1,01.01.1985,6630637
2634,1,01.01.1985,33752964
5016,2,01.01.1985,41232709
1358,1,01.01.1985,4706975
9563,3,01.01.1985,38471920
9344,2,01.01.1985,16092338
4073,1,01.01.1985,19517196
6207,5,01.01.1985,387171
1995,3,01.01.1985,8389913
9872,3,01.01.1985,6469824
1038,2,01.01.1985,10540926
2791,2,01.01.1985,19511876
3781,2,01.01.1985,4660598
8155,1,01.01.1985,22569625
7164,2,01.01.1985,50594940
2611,2,01.01.1985,682109
6570,1,01.01.1985,3336508
4036,6,01.01.1985,1739
5501,6,01.01.1985,97055
1331,4,01.01.1985,1199785
8913,1,01.01.1985,7476092
7561,2,01.01.1985,49175673
1805,2,01.01.1985,3246887
4691,6,01.01.1985,8329
2952,1,01.01.1985,15038915
7536,3,01.01.1985,50917399
1189,2,01.01.1985,1379536
8239,3,01.01.1985,56643045
8743,4,01.01.1985,235146182
6780,5,01.01.1985,3024218
9973,2,01.01.1985,18063201
4202,6,01.01.1985,133119
8253,5,01.01.1985,17402304
4342,2,01.01.1985,59811313
8490,1,01.01.1985,150190
9772,2,01.01.1985,11036918
7832,1,01.01.1985,6686449
8513,1,01.01.1985,8690515
5666,2,01.01.1990,10694796
2885,3,01.01.1990,3295066
9623,1,01.01.1990,25518074
9242,6,01.01.1990,47818
7937,3,01.01.1990,53569
7736,1,01.01.1990,11828638
3486,4,01.01.1990,8316
2443,4,01.01.1990,63328
8985,5,01.01.1990,32637657
1262,2,01.01.1990,3556539
4973,4,01.01.1990,65712
2550,6,01.01.1990,17048003
1066,3,01.01.1990,7678729
5338,2,01.01.1990,7427836
2027,4,01.01.1990,270679
8750,2,01.01.1990,517418
4849,2,01.01.1990,107147651
7628,4,01.01.1990,258868
9408,3,01.01.1990,10428525
5619,3,01.01.1990,9959560
2938,4,01.01.1990,182589
8723,1,01.01.1990,5133419
4451,4,01.01.1990,57470
2159,2,01.01.1990,558442
8258,5,01.01.1990,7096194
5061,3,01.01.1990,4494310
5367,1,01.01.1990,1341474
3632,5,01.01.1990,150706446
5901,4,01.01.1990,15617
4024,2,01.01.1990,261928
2503,3,01.01.1990,8767778
3130,1,01.01.1990,9131361
5786,1,01.01.1990,5483793
5007,2,01.01.1990,8910808
4116,1,01.01.1990,11430520
6300,4,01.01.1990,27657204
3837,1,01.01.1990,364563
1604,4,01.01.1990,26027
7935,1,01.01.1990,2809221
4262,1,01.01.1990,5827069
1108,5,01.01.1990,13342868
1276,2,01.01.1990,1153704252
7790,5,01.01.1990,32601393
9708,1,01.01.1990,431119
1028,6,01.01.1990,17123
3472,4,01.01.1990,3158253
7354,3,01.01.1990,4873707
9548,4,01.01.1990,10626680
9523,3,01.01.1990,788500
4315,3,01.01.1990,5144623
3385,1,01.01.1990,577173
3058,4,01.01.1990,69481
3920,4,01.01.1990,7129004
3817,5,01.01.1990,10449837
1586,1,01.01.1990,57214630
8431,4,01.01.1990,5367179
3257,1,01.01.1990,465549
4641,1,01.01.1990,2149960
3056,3,01.01.1990,1570674
8226,1,01.01.1990,854011
2845,1,01.01.1990,47878073
5985,5,01.01.1990,2332
1051,3,01.01.1990,47479
6610,6,01.01.1990,780430
2058,3,01.01.1990,4986545
6807,3,01.01.1990,56412897
4466,5,01.01.1990,113931
9799,6,01.01.1990,211089
9094,1,01.01.1990,983028
5108,1,01.01.1990,1040616
5472,2,01.01.1990,5391636
8188,3,01.01.1990,79370196
5525,1,01.01.1990,15446982
5440,3,01.01.1990,27317
9079,3,01.01.1990,10302255
3113,4,01.01.1990,55599
3073,4,01.01.1990,99047
7857,4,01.01.1990,391951
3647,6,01.01.1990,138263
2986,4,01.01.1990,9084780
1352,1,01.01.1990,6354145
9669,1,01.01.1990,973551
4582,5,01.01.1990,747116
9291,4,01.01.1990,6925331
4057,4,01.01.1990,5053234
8115,2,01.01.1990,5838574
5389,3,01.01.1990,10375989
7564,3,01.01.1990,255019
7710,2,01.01.1990,870452165
4101,2,01.01.1990,182159874
2266,2,01.01.1990,55793629
2345,2,01.01.1990,17658381
7752,3,01.01.1990,3485374
4416,3,01.01.1990,68865
1569,2,01.01.1990,4803254
7442,3,01.01.1990,56756561
6758,4,01.01.1990,2392030
2273,2,01.01.1990,123686321
9650,2,01.01.1990,3480587
6173,2,01.01.1990,16866563
9491,1,01.01.1990,23162269
5582,6,01.01.1990,75124
8891,2,01.01.1990,1674938
7505,2,01.01.1990,4394734
3809,2,01.01.1990,4314443
7480,3,01.01.1990,2689391
4220,2,01.01.1990,3593700
7246,1,01.01.1990,1798997
7961,1,01.01.1990,2209731
4384,1,01.01.1990,4236983
4851,3,01.01.1990,28765
7179,3,01.01.1990,3785847
1097,3,01.01.1990,381267
4109,1,01.01.1990,11882762
3771,1,01.01.1990,9539665
7797,2,01.01.1990,17517054
5517,2,01.01.1990,224957
8842,1,01.01.1990,8945026
4123,3,01.01.1990,365392
5592,6,01.01.1990,46047
7568,4,01.01.1990,374271
4818,1,01.01.1990,2006027
5295,1,01.01.1990,1090290
3205,1,01.01.1990,92659
8394,4,01.01.1990,81720428
8754,6,01.01.1990,98603
6711,3,01.01.1990,4480199
7498,3,01.01.1990,30329
6222,2,01.01.1990,2161433
2420,3,01.01.1990,621442
5315,4,01.01.1990,10805
2586,1,01.01.1990,24570814
9919,1,01.01.1990,13303459
6433,2,01.01.1990,40099553
6504,1,01.01.1990,1369011
6571,6,01.01.1990,9598
3375,2,01.01.1990,19616530
9808,3,01.01.1990,14944548
3526,6,01.01.1990,177264
8029,6,01.01.1990,3397389
1602,4,01.01.1990,4227820
8764,1,01.01.1990,8370647
5248,1,01.01.1990,95214257
1728,6,01.01.1990,2533
5075,2,01.01.1990,20799523
9492,3,01.01.1990,2044174
7959,6,01.01.1990,48002
8547,3,01.01.1990,4241636
8871,2,01.01.1990,1804524
1349,2,01.01.1990,115414069
7129,6,01.01.1990,15293
4353,4,01.01.1990,2449968
6688,6,01.01.1990,3864972
9950,5,01.01.1990,4059195
5560,5,01.01.1990,22109099
5789,2,01.01.1990,61558898
9224,3,01.01.1990,38064255
4774,3,01.01.1990,10007346
5982,4,01.01.1990,3543776
2212,2,01.01.1990,441675
6348,3,01.01.1990,22836234
9786,3,01.01.1990,148005704
5364,1,01.01.1990,7319962
8293,4,01.01.1990,5168
7280,4,01.01.1990,142301
5272,4,01.01.1990,28127
5753,6,01.01.1990,168186
5602,3,01.01.1990,23132
1392,2,01.01.1990,16004763
3941,1,01.01.1990,7536001
3394,3,01.01.1990,7987529
3555,1,01.01.1990,71057
1897,1,01.01.1990,4325388
4553,2,01.01.1990,3022209
4727,4,01.01.1990,27845
6534,3,01.01.1990,5261305
7244,3,01.01.1990,1986024
6999,6,01.01.1990,324171
3446,1,01.01.1990,6999096
2634,1,01.01.1990,39877570
5016,2,01.01.1990,44120039
1358,1,01.01.1990,4750817
9563,3,01.01.1990,38889889
9344,2,01.01.1990,17204094
4073,1,01.01.1990,21090886
6207,5,01.01.1990,412756
1995,3,01.01.1990,8548406
9872,3,01.01.1990,6711693
1038,2,01.01.1990,12408996
2791,2,01.01.1990,20586174
3781,2,01.01.1990,5417860
8155,1,01.01.1990,26206012
7164,2,01.01.1990,55228410
2611,2,01.01.1990,758106
6570,1,01.01.1990,3875947
4036,6,01.01.1990,1669
5501,6,01.01.1990,98727
1331,4,01.01.1990,1266518
8913,1,01.01.1990,8440023
7561,2,01.01.1990,54324142
1805,2,01.01.1990,3720278
4691,6,01.01.1990,9182
2952,1,01.01.1990,17586630
7536,3,01.01.1990,51589817
1189,2,01.01.1990,1900151
8239,3,01.01.1990,57210442
8743,4,01.01.1990,248083732
6780,5,01.01.1990,3117012
9973,2,01.01.1990,20579100
4202,6,01.01.1990,150882
8253,5,01.01.1990,19750579
4342,2,01.01.1990,66912613
8490,1,01.01.1990,178529
9772,2,01.01.1990,13375121
7832,1,01.01.1990,7686401
8513,1,01.01.1990,10113893
5666,2,01.01.1995,16418912
2885,3,01.01.1995,3284364
9623,1,01.01.1995,28478022
9242,6,01.01.1995,53401
7937,3,01.01.1995,62928
7736,1,01.01.1995,13912253
3486,4,01.01.1995,9601
2443,4,01.01.1995,68398
8985,5,01.01.1995,34946110
1262,2,01.01.1995,3322782
4973,4,01.01.1995,77050
2550,6,01.01.1995,18002999
1066,3,01.01.1995,7947296
5338,2,01.01.1995,7889330
2027,4,01.01.1995,299554
8750,2,01.01.1995,612934
4849,2,01.01.1995,117793338
7628,4,01.01.1995,262303
9408,3,01.01.1995,10461696
5619,3,01.01.1995,10095198
2938,4,01.01.1995,203556
8723,1,01.01.1995,6046511
4451,4,01.01.1995,59465
2159,2,01.01.1995,527536
8258,5,01.01.1995,7841471
5061,3,01.01.1995,3750527
5367,1,01.01.1995,1543634
3632,5,01.01.1995,108187610
5901,4,01.01.1995,17674
4024,2,01.01.1995,299097
2503,3,01.01.1995,8477579
3130,1,01.01.1995,10353263
5786,1,01.01.1995,5932783
5007,2,01.01.1995,10919528
4116,1,01.01.1995,13211647
6300,4,01.01.1995,29289423
3837,1,01.01.1995,411382
1604,4,01.01.1995,32802
7935,1,01.01.1995,3276706
4262,1,01.01.1995,6888856
1108,5,01.01.1995,14416796
1276,2,01.01.1995,1218144426
7790,5,01.01.1995,35970101
9708,1,01.01.1995,483760
1028,6,01.01.1995,17735
3472,4,01.01.1995,3572856
7354,3,01.01.1995,4807100
9548,4,01.01.1995,10926703
9523,3,01.01.1995,862418
4315,3,01.01.1995,5235197
3385,1,01.01.1995,629619
3058,4,01.01.1995,69201
3920,4,01.01.1995,7869753
3817,5,01.01.1995,11561683
1586,1,01.01.1995,64166908
8431,4,01.01.1995,5748195
3257,1,01.01.1995,560740
4641,1,01.01.1995,2157220
3056,3,01.01.1995,1452775
8226,1,01.01.1995,953573
2845,1,01.01.1995,57476536
5985,5,01.01.1995,2735
1051,3,01.01.1995,43805
6610,6,01.01.1995,792246
2058,3,01.01.1995,5107943
6807,3,01.01.1995,57420354
4466,5,01.01.1995,137183
9799,6,01.01.1995,231446
9094,1,01.01.1995,1121964
5108,1,01.01.1995,1242155
5472,2,01.01.1995,4877676
8188,3,01.01.1995,81123262
5525,1,01.01.1995,17438874
5440,3,01.01.1995,27412
9079,3,01.01.1995,10727927
3113,4,01.01.1995,55788
3073,4,01.01.1995,104060
7857,4,01.01.1995,413935
3647,6,01.01.1995,150094
2986,4,01.01.1995,10363090
1352,1,01.01.1995,7468347
9669,1,01.01.1995,1117222
4582,5,01.01.1995,751689
9291,4,01.01.1995,7627316
4057,4,01.01.1995,5812832
8115,2,01.01.1995,6243859
5389,3,01.01.1995,10327169
7564,3,01.01.1995,267681
7710,2,01.01.1995,964279129
4101,2,01.01.1995,198140162
2266,2,01.01.1995,60794809
2345,2,01.01.1995,20948858
7752,3,01.01.1995,3579482
4416,3,01.01.1995,71454
1569,2,01.01.1995,5478734
7442,3,01.01.1995,56885126
6758,4,01.01.1995,2509372
2273,2,01.01.1995,125433969
9650,2,01.01.1995,4458195
6173,2,01.01.1995,16434324
9491,1,01.01.1995,26878347
5582,6,01.01.1995,81481
8891,2,01.01.1995,1655222
7505,2,01.01.1995,4596456
3809,2,01.01.1995,4927432
7480,3,01.01.1995,2570151
4220,2,01.01.1995,3959640
7246,1,01.01.1995,1934079
7961,1,01.01.1995,2142422
4384,1,01.01.1995,4733063
4851,3,01.01.1995,30890
7179,3,01.01.1995,3747267
1097,3,01.01.1995,407635
4109,1,01.01.1995,13869138
3771,1,01.01.1995,10112816
7797,2,01.01.1995,20136888
5517,2,01.01.1995,258208
8842,1,01.01.1995,9921094
4123,3,01.01.1995,381849
5592,6,01.01.1995,50702
7568,4,01.01.1995,409942
4818,1,01.01.1995,2380341
5295,1,01.01.1995,1160207
3205,1,01.01.1995,124941
8394,4,01.01.1995,89969572
8754,6,01.01.1995,468846
6711,3,01.01.1995,4461231
7498,3,01.01.1995,31482
6222,2,01.01.1995,2330334
2420,3,01.01.1995,632066
5315,4,01.01.1995,8342
2586,1,01.01.1995,26599048
9919,1,01.01.1995,15594830
6433,2,01.01.1995,42880186
6504,1,01.01.1995,1605370
6571,6,01.01.1995,10316
3375,2,01.01.1995,22305571
9808,3,01.01.1995,15446668
3526,6,01.01.1995,199701
8029,6,01.01.1995,3673893
1602,4,01.01.1995,4721929
8764,1,01.01.1995,9813918
5248,1,01.01.1995,108187610
1728,6,01.01.1995,2339
5075,2,01.01.1995,22385536
9492,3,01.01.1995,1983964
7959,6,01.01.1995,48717
8547,3,01.01.1995,4359333
8871,2,01.01.1995,2172672
1349,2,01.01.1995,133117476
7129,6,01.01.1995,17209
4353,4,01.01.1995,2716067
6688,6,01.01.1995,4616439
9950,5,01.01.1995,4603917
5560,5,01.01.1995,24449055
5789,2,01.01.1995,69250468
9224,3,01.01.1995,38401978
4774,3,01.01.1995,10051248
5982,4,01.01.1995,3704947
2212,2,01.01.1995,515133
6348,3,01.01.1995,22533134
9786,3,01.01.1995,148557451
5364,1,01.01.1995,5686897
8293,4,01.01.1995,6144
7280,4,01.01.1995,152348
5272,4,01.01.1995,29435
5753,6,01.01.1995,174902
5602,3,01.01.1995,24886
1392,2,01.01.1995,18888857
3941,1,01.01.1995,8632681
3394,3,01.01.1995,7982462
3555,1,01.01.1995,74735
1897,1,01.01.1995,4324149
4553,2,01.01.1995,3543875
4727,4,01.01.1995,31596
6534,3,01.01.1995,5349997
7244,3,01.01.1995,1991106
6999,6,01.01.1995,375189
3446,1,01.01.1995,7210930
2634,1,01.01.1995,43986084
5016,2,01.01.1995,45393418
1358,1,01.01.1995,5302042
9563,3,01.01.1995,39814573
9344,2,01.01.1995,18177572
4073,1,01.01.1995,23290602
6207,5,01.01.1995,434490
1995,3,01.01.1995,8758496
9872,3,01.01.1995,7038297
1038,2,01.01.1995,14313450
2791,2,01.01.1995,21455813
3781,2,01.01.1995,5916173
8155,1,01.01.1995,30560071
7164,2,01.01.1995,59424834
2611,2,01.01.1995,819226
6570,1,01.01.1995,4279566
4036,6,01.01.1995,1632
5501,6,01.01.1995,99977
1331,4,01.01.1995,1307822
8913,1,01.01.1995,9294102
7561,2,01.01.1995,59305490
1805,2,01.01.1995,4226623
4691,6,01.01.1995,9585
2952,1,01.01.1995,20680831
7536,3,01.01.1995,51061265
1189,2,01.01.1995,2433988
8239,3,01.01.1995,57930364
8743,4,01.01.1995,265660556
6780,5,01.01.1995,3208300
9973,2,01.01.1995,23026206
4202,6,01.01.1995,170612
8253,5,01.01.1995,22107286
4342,2,01.01.1995,73759110
8490,1,01.01.1995,208381
9772,2,01.01.1995,16103339
7832,1,01.01.1995,8684135
8513,1,01.01.1995,10994041
5666,2,01.01.2000,19542982
2885,3,01.01.2000,3182021
9623,1,01.01.2000,30774621
9242,6,01.01.2000,58230
7937,3,01.01.2000,66097
7736,1,01.01.2000,16394062
3486,4,01.01.2000,11047
2443,4,01.01.2000,75055
8985,5,01.01.2000,37070774
1262,2,01.01.2000,3168523
4973,4,01.01.2000,89101
2550,6,01.01.2000,19017963
1066,3,01.01.2000,8010428
5338,2,01.01.2000,8190337
2027,4,01.01.2000,325014
8750,2,01.01.2000,711442
4849,2,01.01.2000,129193327
7628,4,01.01.2000,264657
9408,3,01.01.2000,10256483
5619,3,01.01.2000,10264343
2938,4,01.01.2000,240406
8723,1,01.01.2000,6998023
4451,4,01.01.2000,61371
2159,2,01.01.2000,587207
8258,5,01.01.2000,8592656
5061,3,01.01.2000,4179350
5367,1,01.01.2000,1726985
3632,5,01.01.2000,175873720
5901,4,01.01.2000,20104
4024,2,01.01.2000,333926
2503,3,01.01.2000,8097691
3130,1,01.01.2000,11882888
5786,1,01.01.2000,6307659
5007,2,01.01.2000,12118841
4116,1,01.01.2000,15091594
6300,4,01.01.2000,30683313
3837,1,01.01.2000,458251
1604,4,01.01.2000,39658
7935,1,01.01.2000,3759170
4262,1,01.01.2000,8259137
1108,5,01.01.2000,15351799
1276,2,01.01.2000,1264099069
7790,5,01.01.2000,39215135
9708,1,01.01.2000,536758
1028,6,01.01.2000,15897
3472,4,01.01.2000,3979193
7354,3,01.01.2000,4548434
9548,4,01.01.2000,11105791
9523,3,01.01.2000,948237
4315,3,01.01.2000,5340655
3385,1,01.01.2000,742033
3058,4,01.01.2000,68346
3920,4,01.01.2000,8540791
3817,5,01.01.2000,12626507
1586,1,01.01.2000,71371371
8431,4,01.01.2000,5958482
3257,1,01.01.2000,684977
4641,1,01.01.2000,2392880
3056,3,01.01.2000,1396877
8226,1,01.01.2000,1030496
2845,1,01.01.2000,67031867
5985,5,01.01.2000,3080
1051,3,01.01.2000,45660
6610,6,01.01.2000,832509
2058,3,01.01.2000,5176209
6807,3,01.01.2000,58665453
4466,5,01.01.2000,164351
9799,6,01.01.2000,250927
9094,1,01.01.2000,1272935
5108,1,01.01.2000,1437539
5472,2,01.01.2000,4265172
8188,3,01.01.2000,81551677
5525,1,01.01.2000,19665502
5440,3,01.01.2000,27741
9079,3,01.01.2000,11038109
3113,4,01.01.2000,56184
3073,4,01.01.2000,107432
7857,4,01.01.2000,424067
3647,6,01.01.2000,160188
2986,4,01.01.2000,11735894
1352,1,01.01.2000,8336967
9669,1,01.01.2000,1230849
4582,5,01.01.2000,759051
9291,4,01.01.2000,8360225
4057,4,01.01.2000,6656725
8115,2,01.01.2000,6731195
5389,3,01.01.2000,10202055
7564,3,01.01.2000,281462
7710,2,01.01.2000,1059633675
4101,2,01.01.2000,214072421
2266,2,01.01.2000,65544383
2345,2,01.01.2000,24628858
7752,3,01.01.2000,3768950
4416,3,01.01.2000,75562
1569,2,01.01.2000,6116958
7442,3,01.01.2000,56966397
6758,4,01.01.2000,2612205
2273,2,01.01.2000,126803861
9650,2,01.01.2000,5056174
6173,2,01.01.2000,15236253
9491,1,01.01.2000,30851606
5582,6,01.01.2000,88826
8891,2,01.01.2000,1934901
7505,2,01.01.2000,4935182
3809,2,01.01.2000,5430853
7480,3,01.01.2000,2392530
4220,2,01.01.2000,4320642
7246,1,01.01.2000,1998630
7961,1,01.01.2000,2895224
4384,1,01.01.2000,5154790
4851,3,01.01.2000,33026
7179,3,01.01.2000,3599637
1097,3,01.01.2000,435628
4109,1,01.01.2000,16216431
3771,1,01.01.2000,11229387
7797,2,01.01.2000,22945150
5517,2,01.01.2000,282507
8842,1,01.01.2000,11239101
4123,3,01.01.2000,399212
5592,6,01.01.2000,54224
7568,4,01.01.2000,432543
4818,1,01.01.2000,2695003
5295,1,01.01.2000,1215930
3205,1,01.01.2000,159215
8394,4,01.01.2000,97873442
8754,6,01.01.2000,111709
6711,3,01.01.2000,4251573
7498,3,01.01.2000,32465
6222,2,01.01.2000,2450979
2420,3,01.01.2000,633324
5315,4,01.01.2000,5138
2586,1,01.01.2000,28554415
9919,1,01.01.2000,17768505
6433,2,01.01.2000,45538332
6504,1,01.01.2000,1819141
6571,6,01.01.2000,10377
3375,2,01.01.2000,24559500
9808,3,01.01.2000,15899135
3526,6,01.01.2000,221537
8029,6,01.01.2000,3855266
1602,4,01.01.2000,5123222
8764,1,01.01.2000,11622665
5248,1,01.01.2000,122851984
1728,6,01.01.2000,2074
5075,2,01.01.2000,23367059
9492,3,01.01.2000,2037936
7959,6,01.01.2000,80338
8547,3,01.01.2000,4491202
8871,2,01.01.2000,2344253
1349,2,01.01.2000,154369924
7129,6,01.01.2000,19726
4353,4,01.01.2000,3001731
6688,6,01.01.2000,5508297
9950,5,01.01.2000,5123819
5560,5,01.01.2000,26654439
5789,2,01.01.2000,77958223
9224,3,01.01.2000,38504431
4774,3,01.01.2000,10300626
5982,4,01.01.2000,3827108
2212,2,01.01.2000,645937
6348,3,01.01.2000,21919876
9786,3,01.01.2000,146844839
5364,1,01.01.2000,8109989
8293,4,01.01.2000,7082
7280,4,01.01.2000,159500
5272,4,01.01.2000,29610
5753,6,01.01.2000,184008
5602,3,01.01.2000,26823
1392,2,01.01.2000,21547390
3941,1,01.01.2000,9704287
3394,3,01.01.2000,7935022
3555,1,01.01.2000,80060
1897,1,01.01.2000,4584067
4553,2,01.01.2000,4053602
4727,4,01.01.2000,30489
6534,3,01.01.2000,5376690
7244,3,01.01.2000,1984339
6999,6,01.01.2000,429978
3446,1,01.01.2000,8721465
2634,1,01.01.2000,46813266
5016,2,01.01.2000,46788591
1358,1,01.01.2000,6114440
9563,3,01.01.2000,40741651
9344,2,01.01.2000,18776371
4073,1,01.01.2000,26298773
6207,5,01.01.2000,478998
1995,3,01.01.2000,8871043
9872,3,01.01.2000,7182059
1038,2,01.01.2000,16307654
2791,2,01.01.2000,22194731
3781,2,01.01.2000,6272998
8155,1,01.01.2000,34463704
7164,2,01.01.2000,63066603
2611,2,01.01.2000,878360
6570,1,01.01.2000,5008035
4036,6,01.01.2000,1666
5501,6,01.01.2000,102603
1331,4,01.01.2000,1332203
8913,1,01.01.2000,9893316
7561,2,01.01.2000,64113547
1805,2,01.01.2000,4569132
4691,6,01.01.2000,9638
2952,1,01.01.2000,24020697
7536,3,01.01.2000,48879755
1189,2,01.01.2000,3275333
8239,3,01.01.2000,58850043
8743,4,01.01.2000,282398554
6780,5,01.01.2000,3292224
9973,2,01.01.2000,24925554
4202,6,01.01.2000,192074
8253,5,01.01.2000,24427729
4342,2,01.01.2000,79001142
8490,1,01.01.2000,270375
9772,2,01.01.2000,18628700
7832,1,01.01.2000,9891136
8513,1,01.01.2000,11834676
5666,2,01.01.2005,24411191
2885,3,01.01.2005,3032634
9623,1,01.01.2005,32956690
9242,6,01.01.2005,57254
7937,3,01.01.2005,79826
7736,1,01.01.2005,19450959
3486,4,01.01.2005,12128
2443,4,01.01.2005,79869
8985,5,01.01.2005,39070501
1262,2,01.01.2005,3047246
4973,4,01.01.2005,94483
2550,6,01.01.2005,20171731
1066,3,01.01.2005,8227034
5338,2,01.01.2005,8656237
2027,4,01.01.2005,347804
8750,2,01.01.2005,901921
4849,2,01.01.2005,140912590
7628,4,01.01.2005,269477
9408,3,01.01.2005,9935163
5619,3,01.01.2005,10516978
2938,4,01.01.2005,280375
8723,1,01.01.2005,8149419
4451,4,01.01.2005,62959
2159,2,01.01.2005,663323
8258,5,01.01.2005,9377388
5061,3,01.01.2005,4094297
5367,1,01.01.2005,1892807
3632,5,01.01.2005,140490722
5901,4,01.01.2005,23497
4024,2,01.01.2005,366717
2503,3,01.01.2005,7815221
3130,1,01.01.2005,13876127
5786,1,01.01.2005,7388874
5007,2,01.01.2005,13246583
4116,1,01.01.2005,17275171
6300,4,01.01.2005,32215916
3837,1,01.01.2005,492827
1604,4,01.01.2005,46727
7935,1,01.01.2005,4208834
4262,1,01.01.2005,10005012
1108,5,01.01.2005,16175311
1276,2,01.01.2005,1304887562
7790,5,01.01.2005,42220940
9708,1,01.01.2005,592683
1028,6,01.01.2005,15146
3472,4,01.01.2005,4315887
7354,3,01.01.2005,4429681
9548,4,01.01.2005,11246114
9523,3,01.01.2005,1037062
4315,3,01.01.2005,5436313
3385,1,01.01.2005,830861
3058,4,01.01.2005,68674
3920,4,01.01.2005,9164768
3817,5,01.01.2005,13770012
1586,1,01.01.2005,79075310
8431,4,01.01.2005,6037817
3257,1,01.01.2005,864726
4641,1,01.01.2005,2831732
3056,3,01.01.2005,1354662
8226,1,01.01.2005,1071886
2845,1,01.01.2005,77469940
5985,5,01.01.2005,3204
1051,3,01.01.2005,48291
6610,6,01.01.2005,874923
2058,3,01.01.2005,5246071
6807,3,01.01.2005,60510079
4466,5,01.01.2005,201259
9799,6,01.01.2005,271060
9094,1,01.01.2005,1458353
5108,1,01.01.2005,1660368
5472,2,01.01.2005,3961182
8188,3,01.01.2005,81212168
5525,1,01.01.2005,22496951
5440,3,01.01.2005,29155
9079,3,01.01.2005,11113448
3113,4,01.01.2005,56887
3073,4,01.01.2005,110254
7857,4,01.01.2005,403233
3647,6,01.01.2005,164430
2986,4,01.01.2005,13132814
1352,1,01.01.2005,9140114
9669,1,01.01.2005,1379713
4582,5,01.01.2005,759709
9291,4,01.01.2005,9111900
4057,4,01.01.2005,7564613
8115,2,01.01.2005,6936874
5389,3,01.01.2005,10073525
7564,3,01.01.2005,297029
7710,2,01.01.2005,1154638713
4101,2,01.01.2005,228805144
2266,2,01.01.2005,70182594
2345,2,01.01.2005,28698684
7752,3,01.01.2005,4121216
4416,3,01.01.2005,79415
1569,2,01.01.2005,6714124
7442,3,01.01.2005,58199876
6758,4,01.01.2005,2676863
2273,2,01.01.2005,127798373
9650,2,01.01.2005,5678534
6173,2,01.01.2005,15656248
9491,1,01.01.2005,35843010
5582,6,01.01.2005,98164
8891,2,01.01.2005,2235403
7505,2,01.01.2005,5193114
3809,2,01.01.2005,5852970
7480,3,01.01.2005,2233157
4220,2,01.01.2005,4643044
7246,1,01.01.2005,1977424
7961,1,01.01.2005,3266318
4384,1,01.01.2005,5837986
4851,3,01.01.2005,34603
7179,3,01.01.2005,3373533
1097,3,01.01.2005,464860
4109,1,01.01.2005,18792171
3771,1,01.01.2005,12755648
7797,2,01.01.2005,25923536
5517,2,01.01.2005,307018
8842,1,01.01.2005,13180551
4123,3,01.01.2005,410208
5592,6,01.01.2005,54337
7568,4,01.01.2005,400370
4818,1,01.01.2005,3012360
5295,1,01.01.2005,1258048
3205,1,01.01.2005,187142
8394,4,01.01.2005,105442402
8754,6,01.01.2005,527045
6711,3,01.01.2005,4001382
7498,3,01.01.2005,32141
6222,2,01.01.2005,2559255
2420,3,01.01.2005,632875
5315,4,01.01.2005,4693
2586,1,01.01.2005,30431902
9919,1,01.01.2005,20211114
6433,2,01.01.2005,47724471
6504,1,01.01.2005,1962865
6571,6,01.01.2005,10318
3375,2,01.01.2005,26285110
9808,3,01.01.2005,16261831
3526,6,01.01.2005,242141
8029,6,01.01.2005,4132781
1602,4,01.01.2005,5454678
8764,1,01.01.2005,13855221
5248,1,01.01.2005,140490722
1728,6,01.01.2005,1856
5075,2,01.01.2005,24100982
9492,3,01.01.2005,2078662
7959,6,01.01.2005,69025
8547,3,01.01.2005,4623689
8871,2,01.01.2005,2515192
1349,2,01.01.2005,174372098
7129,6,01.01.2005,19831
4353,4,01.01.2005,3305868
6688,6,01.01.2005,6498818
9950,5,01.01.2005,5476878
5560,5,01.01.2005,28147267
5789,2,01.01.2005,86261250
9224,3,01.01.2005,38575911
4774,3,01.01.2005,10523315
5982,4,01.01.2005,3805559
2212,2,01.01.2005,848710
6348,3,01.01.2005,21092264
9786,3,01.01.2005,143800049
5364,1,01.01.2005,9026299
8293,4,01.01.2005,8044
7280,4,01.01.2005,165386
5272,4,01.01.2005,33452
5753,6,01.01.2005,188626
5602,3,01.01.2005,29508
1392,2,01.01.2005,24397644
3941,1,01.01.2005,10974057
3394,3,01.01.2005,7830944
3555,1,01.01.2005,85883
1897,1,01.01.2005,5683334
4553,2,01.01.2005,4344637
4727,4,01.01.2005,31494
6534,3,01.01.2005,5376242
7244,3,01.01.2005,2004778
6999,6,01.01.2005,482486
3446,1,01.01.2005,10467292
2634,1,01.01.2005,49017147
5016,2,01.01.2005,47889573
1358,1,01.01.2005,7662654
9563,3,01.01.2005,43685374
9344,2,01.01.2005,19673866
4073,1,01.01.2005,29540577
6207,5,01.01.2005,516220
1995,3,01.01.2005,9051738
9872,3,01.01.2005,7428435
1038,2,01.01.2005,18583557
2791,2,01.01.2005,22796306
3781,2,01.01.2005,6929145
8155,1,01.01.2005,39439505
7164,2,01.01.2005,65821360
2611,2,01.01.2005,969313
6570,1,01.01.2005,5711597
4036,6,01.01.2005,1429
5501,6,01.01.2005,105633
1331,4,01.01.2005,1369075
8913,1,01.01.2005,10388344
7561,2,01.01.2005,68704715
1805,2,01.01.2005,4885775
4691,6,01.01.2005,9912
2952,1,01.01.2005,27946588
7536,3,01.01.2005,46912610
1189,2,01.01.2005,4280993
8239,3,01.01.2005,60383741
8743,4,01.01.2005,296842670
6780,5,01.01.2005,3317665
9973,2,01.01.2005,26573423
4202,6,01.01.2005,217632
8253,5,01.01.2005,26668785
4342,2,01.01.2005,83142095
8490,1,01.01.2005,339187
9772,2,01.01.2005,21320671
7832,1,01.01.2005,11564870
8513,1,01.01.2005,12224753
5666,2,01.01.2010,28189672
2885,3,01.01.2010,2913399
9623,1,01.01.2010,35856344
9242,6,01.01.2010,54849
7937,3,01.01.2010,71519
7736,1,01.01.2010,23364185
3486,4,01.01.2010,13172
2443,4,01.01.2010,85695
8985,5,01.01.2010,41100123
1262,2,01.01.2010,2946293
4973,4,01.01.2010,100341
2550,6,01.01.2010,22019168
1066,3,01.01.2010,8362829
5338,2,01.01.2010,9237202
2027,4,01.01.2010,373272
8750,2,01.01.2010,1213645
4849,2,01.01.2010,148391139
7628,4,01.01.2010,274711
9408,3,01.01.2010,9731427
5619,3,01.01.2010,10877947
2938,4,01.01.2010,322106
8723,1,01.01.2010,9445710
4451,4,01.01.2010,63447
2159,2,01.01.2010,705516
8258,5,01.01.2010,10223270
5061,3,01.01.2010,3811088
5367,1,01.01.2010,2091664
3632,5,01.01.2010,196353492
5901,4,01.01.2010,27556
4024,2,01.01.2010,396053
2503,3,01.01.2010,7592273
3130,1,01.01.2010,16116845
5786,1,01.01.2010,9126605
5007,2,01.01.2010,14363532
4116,1,01.01.2010,19878036
6300,4,01.01.2010,33963412
3837,1,01.01.2010,521212
1604,4,01.01.2010,54074
7935,1,01.01.2010,4660067
4262,1,01.01.2010,11894727
1108,5,01.01.2010,17004162
1276,2,01.01.2010,1348191368
7790,5,01.01.2010,44816108
9708,1,01.01.2010,656024
1028,6,01.01.2010,17212
3472,4,01.01.2010,4622252
7354,3,01.01.2010,4368682
9548,4,01.01.2010,11290417
9523,3,01.01.2010,1129686
4315,3,01.01.2010,5550849
3385,1,01.01.2010,919199
3058,4,01.01.2010,68755
3920,4,01.01.2010,9775755
3817,5,01.01.2010,14989585
1586,1,01.01.2010,87252413
8431,4,01.01.2010,6114034
3257,1,01.01.2010,1094524
4641,1,01.01.2010,3147727
3056,3,01.01.2010,1331535
8226,1,01.01.2010,1099920
2845,1,01.01.2010,89237791
5985,5,01.01.2010,3187
1051,3,01.01.2010,48410
6610,6,01.01.2010,905169
2058,3,01.01.2010,5363271
6807,3,01.01.2010,62444567
4466,5,01.01.2010,228453
9799,6,01.01.2010,283788
9094,1,01.01.2010,1711105
5108,1,01.01.2010,1937275
5472,2,01.01.2010,3836831
8188,3,01.01.2010,81325090
5525,1,01.01.2010,25574719
5440,3,01.01.2010,31262
9079,3,01.01.2010,11033783
3113,4,01.01.2010,56351
3073,4,01.01.2010,114039
7857,4,01.01.2010,403072
3647,6,01.01.2010,164905
2986,4,01.01.2010,14543121
1352,1,01.01.2010,10270728
9669,1,01.01.2010,1567220
4582,5,01.01.2010,747932
9291,4,01.01.2010,9842880
4057,4,01.01.2010,8450933
8115,2,01.01.2010,7132438
5389,3,01.01.2010,9986825
7564,3,01.01.2010,318333
7710,2,01.01.2010,1240613620
4101,2,01.01.2010,244016173
2266,2,01.01.2010,75373855
2345,2,01.01.2010,31264875
7752,3,01.01.2010,4524585
4416,3,01.01.2010,83828
1569,2,01.01.2010,7328445
7442,3,01.01.2010,59822450
6758,4,01.01.2010,2733896
2273,2,01.01.2010,128105431
9650,2,01.01.2010,6931258
6173,2,01.01.2010,16627837
9491,1,01.01.2010,41517895
5582,6,01.01.2010,107995
8891,2,01.01.2010,2943356
7505,2,01.01.2010,5483774
3809,2,01.01.2010,6323418
7480,3,01.01.2010,2101530
4220,2,01.01.2010,4995800
7246,1,01.01.2010,2022747
7961,1,01.01.2010,4019956
4384,1,01.01.2010,6491988
4851,3,01.01.2010,35926
7179,3,01.01.2010,3139019
1097,3,01.01.2010,507070
4109,1,01.01.2010,21731053
3771,1,01.01.2010,14718422
7797,2,01.01.2010,28717731
5517,2,01.01.2010,361575
8842,1,01.01.2010,15529181
4123,3,01.01.2010,418755
5592,6,01.01.2010,53416
7568,4,01.01.2010,392181
4818,1,01.01.2010,3419461
5295,1,01.01.2010,1283330
3205,1,01.01.2010,211786
8394,4,01.01.2010,112532401
8754,6,01.01.2010,107588
6711,3,01.01.2010,3678186
7498,3,01.01.2010,33178
6222,2,01.01.2010,2702520
2420,3,01.01.2010,631044
5315,4,01.01.2010,4938
2586,1,01.01.2010,32464865
9919,1,01.01.2010,23073723
6433,2,01.01.2010,49390988
6504,1,01.01.2010,2099271
6571,6,01.01.2010,10241
3375,2,01.01.2010,27161567
9808,3,01.01.2010,16617116
3526,6,01.01.2010,261426
8029,6,01.01.2010,4346338
1602,4,01.01.2010,5855734
8764,1,01.01.2010,16647543
5248,1,01.01.2010,160952853
1728,6,01.01.2010,1812
5075,2,01.01.2010,24686435
9492,3,01.01.2010,2093828
7959,6,01.01.2010,54087
8547,3,01.01.2010,4889741
8871,2,01.01.2010,2881914
1349,2,01.01.2010,194454498
7129,6,01.01.2010,18540
4353,4,01.01.2010,3623617
6688,6,01.01.2010,7583269
9950,5,01.01.2010,5768613
5560,5,01.01.2010,29229572
5789,2,01.01.2010,94636700
9224,3,01.01.2010,38597353
4774,3,01.01.2010,10588401
5982,4,01.01.2010,3717922
2212,2,01.01.2010,1713504
6348,3,01.01.2010,20335211
9786,3,01.01.2010,143242599
5364,1,01.01.2010,10309031
8293,4,01.01.2010,8988
7280,4,01.01.2010,170935
5272,4,01.01.2010,36458
5753,6,01.01.2010,194672
5602,3,01.01.2010,31608
1392,2,01.01.2010,29411929
3941,1,01.01.2010,12530121
3394,3,01.01.2010,7653748
3555,1,01.01.2010,92409
1897,1,01.01.2010,6436698
4553,2,01.01.2010,5163590
4727,4,01.01.2010,33034
6534,3,01.01.2010,5396424
7244,3,01.01.2010,2057286
6999,6,01.01.2010,540394
3446,1,01.01.2010,12026649
2634,1,01.01.2010,51784921
5016,2,01.01.2010,48813042
1358,1,01.01.2010,9714419
9563,3,01.01.2010,46572772
9344,2,01.01.2010,20668557
4073,1,01.01.2010,33739933
6207,5,01.01.2010,546080
1995,3,01.01.2010,9381729
9872,3,01.01.2010,7822435
1038,2,01.01.2010,22337563
2791,2,01.01.2010,23083083
3781,2,01.01.2010,7621779
8155,1,01.01.2010,45110527
7164,2,01.01.2010,68270489
2611,2,01.01.2010,1088486
6570,1,01.01.2010,6571855
4036,6,01.01.2010,1367
5501,6,01.01.2010,107383
1331,4,01.01.2010,1410296
8913,1,01.01.2010,10895063
7561,2,01.01.2010,73195345
1805,2,01.01.2010,5267970
4691,6,01.01.2010,10550
2952,1,01.01.2010,32341728
7536,3,01.01.2010,45683020
1189,2,01.01.2010,8481771
8239,3,01.01.2010,62760039
8743,4,01.01.2010,311182845
6780,5,01.01.2010,3352651
9973,2,01.01.2010,28614227
4202,6,01.01.2010,245453
8253,5,01.01.2010,28715022
4342,2,01.01.2010,87411012
8490,1,01.01.2010,413296
9772,2,01.01.2010,24743946
7832,1,01.01.2010,13792086
8513,1,01.01.2010,12839771
5666,2,01.01.2015,33753499
2885,3,01.01.2015,2882481
9623,1,01.01.2015,39543154
9242,6,01.01.2015,51368
7937,3,01.01.2015,71746
7736,1,01.01.2015,28127721
3486,4,01.01.2015,14525
2443,4,01.01.2015,89941
8985,5,01.01.2015,43257065
1262,2,01.01.2015,2878595
4973,4,01.01.2015,104257
2550,6,01.01.2015,23820236
1066,3,01.01.2015,8642421
5338,2,01.01.2015,9863480
2027,4,01.01.2015,392697
8750,2,01.01.2015,1362142
4849,2,01.01.2015,157830000
7628,4,01.01.2015,278083
9408,3,01.01.2015,9700609
5619,3,01.01.2015,11248303
2938,4,01.01.2015,359871
8723,1,01.01.2015,10932783
4451,4,01.01.2015,63144
2159,2,01.01.2015,743274
8258,5,01.01.2015,11090085
5061,3,01.01.2015,3524324
5367,1,01.01.2015,2305171
3632,5,01.01.2015,205188205
5901,4,01.01.2015,29366
4024,2,01.01.2015,421437
2503,3,01.01.2015,7309253
3130,1,01.01.2015,18718019
5786,1,01.01.2015,10727148
5007,2,01.01.2015,15417523
4116,1,01.01.2015,23012646
6300,4,01.01.2015,35732126
3837,1,01.01.2015,552166
1604,4,01.01.2015,60911
7935,1,01.01.2015,4819333
4262,1,01.01.2015,14140274
1108,5,01.01.2015,17870124
1276,2,01.01.2015,1393715448
7790,5,01.01.2015,47119728
9708,1,01.01.2015,730216
1028,6,01.01.2015,17695
3472,4,01.01.2015,4895242
7354,3,01.01.2015,4254815
9548,4,01.01.2015,11339894
9523,3,01.01.2015,1187280
4315,3,01.01.2015,5677796
3385,1,01.01.2015,1006259
3058,4,01.01.2015,70007
3920,4,01.01.2015,10405832
3817,5,01.01.2015,16195902
1586,1,01.01.2015,97723799
8431,4,01.01.2015,6231066
3257,1,01.01.2015,1346973
4641,1,01.01.2015,3340006
3056,3,01.01.2015,1314657
8226,1,01.01.2015,1133936
2845,1,01.01.2015,102471895
5985,5,01.01.2015,3408
1051,3,01.01.2015,48816
6610,6,01.01.2015,917200
2058,3,01.01.2015,5479461
6807,3,01.01.2015,63809769
4466,5,01.01.2015,257026
9799,6,01.01.2015,291787
9094,1,01.01.2015,2028517
5108,1,01.01.2015,2253133
5472,2,01.01.2015,3771132
8188,3,01.01.2015,82073226
5525,1,01.01.2015,28870939
5440,3,01.01.2015,32520
9079,3,01.01.2015,10806641
3113,4,01.01.2015,55895
3073,4,01.01.2015,118980
7857,4,01.01.2015,399089
3647,6,01.01.2015,167978
2986,4,01.01.2015,16001107
1352,1,01.01.2015,11625998
9669,1,01.01.2015,1788919
4582,5,01.01.2015,755031
9291,4,01.01.2015,10563757
4057,4,01.01.2015,9294505
8115,2,01.01.2015,7399838
5389,3,01.01.2015,9844246
7564,3,01.01.2015,331060
7710,2,01.01.2015,1322866505
4101,2,01.01.2015,259091970
2266,2,01.01.2015,81790841
2345,2,01.01.2015,37757813
7752,3,01.01.2015,4665760
4416,3,01.01.2015,83593
1569,2,01.01.2015,8007778
7442,3,01.01.2015,60232906
6758,4,01.01.2015,2794445
2273,2,01.01.2015,127250933
9650,2,01.01.2015,9494246
6173,2,01.01.2015,17835909
9491,1,01.01.2015,46851488
5582,6,01.01.2015,116707
8891,2,01.01.2015,3908743
7505,2,01.01.2015,5914980
3809,2,01.01.2015,6787419
7480,3,01.01.2015,1991955
4220,2,01.01.2015,6398940
7246,1,01.01.2015,2118521
7961,1,01.01.2015,4612329
4384,1,01.01.2015,6192235
4851,3,01.01.2015,37355
7179,3,01.01.2015,2963765
1097,3,01.01.2015,569408
4109,1,01.01.2015,24850912
3771,1,01.01.2015,16938942
7797,2,01.01.2015,31068833
5517,2,01.01.2015,435582
8842,1,01.01.2015,18112907
4123,3,01.01.2015,456579
5592,6,01.01.2015,49410
7568,4,01.01.2015,383515
4818,1,01.01.2015,3946220
5295,1,01.01.2015,1293153
3205,1,01.01.2015,249545
8394,4,01.01.2015,120149897
8754,6,01.01.2015,109462
6711,3,01.01.2015,3277388
7498,3,01.01.2015,36760
6222,2,01.01.2015,2964749
2420,3,01.01.2015,633966
5315,4,01.01.2015,5059
2586,1,01.01.2015,34680458
9919,1,01.01.2015,26843246
6433,2,01.01.2015,51483949
6504,1,01.01.2015,2282704
6571,6,01.01.2015,11185
3375,2,01.01.2015,27610325
9808,3,01.01.2015,17041107
3526,6,01.01.2015,283032
8029,6,01.01.2015,4590590
1602,4,01.01.2015,6298598
8764,1,01.01.2015,20128124
5248,1,01.01.2015,183995785
1728,6,01.01.2015,1847
5075,2,01.01.2015,25258015
9492,3,01.01.2015,2107962
7959,6,01.01.2015,51514
8547,3,01.01.2015,5190356
8871,2,01.01.2015,4191776
1349,2,01.01.2015,210969298
7129,6,01.01.2015,17794
4353,4,01.01.2015,3957099
6688,6,01.01.2015,8682174
9950,5,01.01.2015,6177950
5560,5,01.01.2015,30711863
5789,2,01.01.2015,103031365
9224,3,01.01.2015,38553146
4774,3,01.01.2015,10365435
5982,4,01.01.2015,3497335
2212,2,01.01.2015,2414573
6348,3,01.01.2015,19906079
9786,3,01.01.2015,144668389
5364,1,01.01.2015,11642959
8293,4,01.01.2015,9643
7280,4,01.01.2015,175623
5272,4,01.01.2015,35020
5753,6,01.01.2015,203571
5602,3,01.01.2015,33570
1392,2,01.01.2015,32749848
3941,1,01.01.2015,14356181
3394,3,01.01.2015,7519496
3555,1,01.01.2015,99240
1897,1,01.01.2015,7314773
4553,2,01.01.2015,5650018
4727,4,01.01.2015,40205
6534,3,01.01.2015,5424444
7244,3,01.01.2015,2080862
6999,6,01.01.2015,612660
3446,1,01.01.2015,13763906
2634,1,01.01.2015,55876504
5016,2,01.01.2015,50994401
1358,1,01.01.2015,11194299
9563,3,01.01.2015,46431342
9344,2,01.01.2015,21336697
4073,1,01.01.2015,38171178
6207,5,01.01.2015,575475
1995,3,01.01.2015,9849349
9872,3,01.01.2015,8281732
1038,2,01.01.2015,19205178
2791,2,01.01.2015,23512136
3781,2,01.01.2015,8524063
8155,1,01.01.2015,52542823
7164,2,01.01.2015,70294397
2611,2,01.01.2015,1205813
6570,1,01.01.2015,7473229
4036,6,01.01.2015,1454
5501,6,01.01.2015,106122
1331,4,01.01.2015,1460177
8913,1,01.01.2015,11557779
7561,2,01.01.2015,79646178
1805,2,01.01.2015,5766431
4691,6,01.01.2015,10877
2952,1,01.01.2015,37477356
7536,3,01.01.2015,44982564
1189,2,01.01.2015,8916899
8239,3,01.01.2015,65224364
8743,4,01.01.2015,324607776
6780,5,01.01.2015,3402818
9973,2,01.01.2015,30949417
4202,6,01.01.2015,276438
8253,5,01.01.2015,30529716
4342,2,01.01.2015,92191398
8490,1,01.01.2015,491824
9772,2,01.01.2015,28516545
7832,1,01.01.2015,16248230
8513,1,01.01.2015,14154937
5666,2,01.01.2020,38972230
2885,3,01.01.2020,2866849
9623,1,01.01.2020,43451666
9242,6,01.01.2020,46189
7937,3,01.01.2020,77700
7736,1,01.01.2020,33428485
3486,4,01.01.2020,15585
2443,4,01.01.2020,92664
8985,5,01.01.2020,45036032
1262,2,01.01.2020,2805608
4973,4,01.01.2020,106585
2550,6,01.01.2020,25670051
1066,3,01.01.2020,8907777
5338,2,01.01.2020,10284951
2027,4,01.01.2020,406471
8750,2,01.01.2020,1477469
4849,2,01.01.2020,167420951
7628,4,01.01.2020,280693
9408,3,01.01.2020,9633740
5619,3,01.01.2020,11561717
2938,4,01.01.2020,394921
8723,1,01.01.2020,12643123
4451,4,01.01.2020,64031
2159,2,01.01.2020,772506
8258,5,01.01.2020,11936162
5061,3,01.01.2020,3318407
5367,1,01.01.2020,2546402
3632,5,01.01.2020,213196304
5901,4,01.01.2020,30910
4024,2,01.01.2020,441725
2503,3,01.01.2020,6979175
3130,1,01.01.2020,21522626
5786,1,01.01.2020,12220227
5007,2,01.01.2020,16396860
4116,1,01.01.2020,26491087
6300,4,01.01.2020,37888705
3837,1,01.01.2020,582640
1604,4,01.01.2020,67311
7935,1,01.01.2020,5343020
4262,1,01.01.2020,16644701
1108,5,01.01.2020,19300315
1276,2,01.01.2020,1424929781
7790,5,01.01.2020,50930662
9708,1,01.01.2020,806166
1028,6,01.01.2020,17029
3472,4,01.01.2020,5123105
7354,3,01.01.2020,4096868
9548,4,01.01.2020,11300698
9523,3,01.01.2020,1237537
4315,3,01.01.2020,5825641
3385,1,01.01.2020,1090156
3058,4,01.01.2020,71995
3920,4,01.01.2020,10999664
3817,5,01.01.2020,17588595
1586,1,01.01.2020,107465134
8431,4,01.01.2020,6292731
3257,1,01.01.2020,1596049
4641,1,01.01.2020,3555868
3056,3,01.01.2020,1329444
8226,1,01.01.2020,1180655
2845,1,01.01.2020,117190911
5985,5,01.01.2020,3747
1051,3,01.01.2020,52415
6610,6,01.01.2020,920422
2058,3,01.01.2020,5529468
6807,3,01.01.2020,64480053
4466,5,01.01.2020,290969
9799,6,01.01.2020,301920
9094,1,01.01.2020,2292573
5108,1,01.01.2020,2573995
5472,2,01.01.2020,3765912
8188,3,01.01.2020,83328988
5525,1,01.01.2020,32180401
5440,3,01.01.2020,32709
9079,3,01.01.2020,10512232
3113,4,01.01.2020,56026
3073,4,01.01.2020,123663
7857,4,01.01.2020,395642
3647,6,01.01.2020,169231
2986,4,01.01.2020,17362718
1352,1,01.01.2020,13205153
9669,1,01.01.2020,2015828
4582,5,01.01.2020,797202
9291,4,01.01.2020,11306801
4057,4,01.01.2020,10121763
8115,2,01.01.2020,7500958
5389,3,01.01.2020,9750573
7564,3,01.01.2020,366669
7710,2,01.01.2020,1396387127
4101,2,01.01.2020,271857970
2266,2,01.01.2020,87290193
2345,2,01.01.2020,42556984
7752,3,01.01.2020,4946119
4416,3,01.01.2020,84046
1569,2,01.01.2020,8757489
7442,3,01.01.2020,59500579
6758,4,01.01.2020,2820436
2273,2,01.01.2020,125244761
9650,2,01.01.2020,10928721
6173,2,01.01.2020,18979243
9491,1,01.01.2020,51985780
5582,6,01.01.2020,126463
8891,2,01.01.2020,4360444
7505,2,01.01.2020,6424874
3809,2,01.01.2020,7319399
7480,3,01.01.2020,1897052
4220,2,01.01.2020,5662923
7246,1,01.01.2020,2254100
7961,1,01.01.2020,5087584
4384,1,01.01.2020,6653942
4851,3,01.01.2020,38756
7179,3,01.01.2020,2820267
1097,3,01.01.2020,630399
4109,1,01.01.2020,28225177
3771,1,01.01.2020,19377061
7797,2,01.01.2020,33199993
5517,2,01.01.2020,514438
8842,1,01.01.2020,21224040
4123,3,01.01.2020,515357
5592,6,01.01.2020,43413
7568,4,01.01.2020,370391
4818,1,01.01.2020,4498604
5295,1,01.01.2020,1297828
3205,1,01.01.2020,305587
8394,4,01.01.2020,125998302
8754,6,01.01.2020,112106
6711,3,01.01.2020,3084847
7498,3,01.01.2020,36922
6222,2,01.01.2020,3294335
2420,3,01.01.2020,629048
5315,4,01.01.2020,4500
2586,1,01.01.2020,36688772
9919,1,01.01.2020,31178239
6433,2,01.01.2020,53423198
6504,1,01.01.2020,2489098
6571,6,01.01.2020,12315
3375,2,01.01.2020,29348627
9808,3,01.01.2020,17434557
3526,6,01.01.2020,286403
8029,6,01.01.2020,5061133
1602,4,01.01.2020,6755895
8764,1,01.01.2020,24333639
5248,1,01.01.2020,208327405
1728,6,01.01.2020,1942
5075,2,01.01.2020,25867467
9492,3,01.01.2020,2111072
7959,6,01.01.2020,49587
8547,3,01.01.2020,5379839
8871,2,01.01.2020,4543399
1349,2,01.01.2020,227196741
7129,6,01.01.2020,17972
4353,4,01.01.2020,4294396
6688,6,01.01.2020,9749640
9950,5,01.01.2020,6618695
5560,5,01.01.2020,33304756
5789,2,01.01.2020,112190977
9224,3,01.01.2020,38428366
4774,3,01.01.2020,10298192
5982,4,01.01.2020,3271564
2212,2,01.01.2020,2760385
6348,3,01.01.2020,19442038
9786,3,01.01.2020,145617329
5364,1,01.01.2020,13146362
8293,4,01.01.2020,10681
7280,4,01.01.2020,179237
5272,4,01.01.2020,32552
5753,6,01.01.2020,214929
5602,3,01.01.2020,34007
1392,2,01.01.2020,35997107
3941,1,01.01.2020,16436119
3394,3,01.01.2020,7358005
3555,1,01.01.2020,105530
1897,1,01.01.2020,8233969
4553,2,01.01.2020,5909869
4727,4,01.01.2020,43621
6534,3,01.01.2020,5456681
7244,3,01.01.2020,2117641
6999,6,01.01.2020,691191
3446,1,01.01.2020,16537016
2634,1,01.01.2020,58801927
5016,2,01.01.2020,51844690
1358,1,01.01.2020,10606227
9563,3,01.01.2020,47363807
9344,2,01.01.2020,21715079
4073,1,01.01.2020,44440486
6207,5,01.01.2020,607065
1995,3,01.01.2020,10368969
9872,3,01.01.2020,8638613
1038,2,01.01.2020,20772595
2791,2,01.01.2020,23821464
3781,2,01.01.2020,9543207
8155,1,01.01.2020,61704518
7164,2,01.01.2020,71475664
2611,2,01.01.2020,1299995
6570,1,01.01.2020,8442580
4036,6,01.01.2020,1827
5501,6,01.01.2020,105254
1331,4,01.01.2020,1518147
8913,1,01.01.2020,12161723
7561,2,01.01.2020,84135428
1805,2,01.01.2020,6250438
4691,6,01.01.2020,11069
2952,1,01.01.2020,44404611
7536,3,01.01.2020,43909666
1189,2,01.01.2020,9287289
8239,3,01.01.2020,67059474
8743,4,01.01.2020,335942003
6780,5,01.01.2020,3429086
9973,2,01.01.2020,33526656
4202,6,01.01.2020,311685
8253,5,01.01.2020,28490453
4342,2,01.01.2020,96648685
8490,1,01.01.2020,556048
9772,2,01.01.2020,32284046
7832,1,01.01.2020,18927715
8513,1,01.01.2020,15669666
